run,RMSE,R2
1,0.5492251957868461,0.7885702430735443
2,0.5600428180240462,0.7492736509224599
3,0.5441298615213321,0.7532580329683858
4,0.6346172937826906,0.6909616345187424
5,0.550981926079743,0.7795416961088226
6,0.5751525506904985,0.7483721686473395
7,0.5248727926010307,0.7750863619886209
8,0.5148385728123952,0.7667445803465159
9,0.5437864350908798,0.7667806552616978
10,0.5266854868656148,0.7579802805993034
