run,RMSE,R2
1,0.5245722805159142,0.8071250255707684
2,0.49209440238894236,0.8064227293542223
3,0.5149527072734759,0.7790100145655304
4,0.6094252452794132,0.7150100965588895
5,0.5084530247555219,0.8122614641185295
6,0.5479611011010036,0.7716021382386626
7,0.5196076223276405,0.7795760936953415
8,0.4720140739397866,0.8039352662167485
9,0.5213658567383689,0.7856156866672472
10,0.5388286093827832,0.7466917444790442
