run,RMSE,R2
1,0.5925007293506186,0.7539388868435433
2,0.5452462041716348,0.7623472664542592
3,0.5773836197014554,0.7221778809346492
4,0.6659987956219188,0.6596423783680898
5,0.606885363631684,0.7325361551578988
6,0.6220135496499714,0.7056986427968794
7,0.5687795495107418,0.7358834511055037
8,0.5461676725808813,0.7374925884872612
9,0.6272902862749529,0.6896548547140271
10,0.6089616616296333,0.6764600203824446
