run,RMSE,R2
1,0.6907496427318834,0.6655689874612314
2,0.6102318192119891,0.7023216766962939
3,0.6776955039338409,0.6172571286547163
4,0.7562824480088755,0.5611090404129603
5,0.6581226838827829,0.685467536599023
6,0.7269386893991234,0.5980350907436871
7,0.6674748664538596,0.6362713570442959
8,0.6354990014423357,0.6445984375042307
9,0.6641326915444763,0.6521295423412325
10,0.6758973043444836,0.6014255281768355
