{
    "n_layers": 2,
    "n_units_l0": 512,
    "n_units_l1": 224,
    "dropout": 0.3784882523411513,
    "lr": 0.008265179657374194,
    "batch_size": 32
}