{
    "n_layers": 2,
    "n_units_l0": 64,
    "n_units_l1": 24,
    "dropout": 0.5145263024731875,
    "lr": 0.001363712028377803,
    "batch_size": 128
}