{
    "n_layers": 3,
    "n_units_l0": 640,
    "n_units_l1": 192,
    "n_units_l2": 128,
    "dropout": 0.21125933997662188,
    "lr": 0.0004268721685739758,
    "batch_size": 32
}