{
    "n_layers": 2,
    "n_units_l0": 576,
    "n_units_l1": 240,
    "dropout": 0.2764591191003447,
    "lr": 0.008020785390569404,
    "batch_size": 32
}