{
    "n_layers": 1,
    "n_units_l0": 832,
    "dropout": 0.577360938354656,
    "lr": 0.009717469649893817,
    "batch_size": 32
}