{
    "n_layers": 2,
    "n_units_l0": 608,
    "n_units_l1": 248,
    "dropout": 0.33810097178263254,
    "lr": 0.0010048371741029386,
    "batch_size": 32
}