{
    "n_layers": 3,
    "n_units_l0": 640,
    "n_units_l1": 160,
    "n_units_l2": 192,
    "dropout": 0.5582934137450811,
    "lr": 0.00781918764245355,
    "batch_size": 32
}