{
    "n_layers": 3,
    "n_units_l0": 88,
    "n_units_l1": 30,
    "n_units_l2": 16,
    "dropout": 0.27247033580145796,
    "lr": 0.0004943980680553011,
    "batch_size": 128
}