{
    "n_layers": 2,
    "n_units_l0": 72,
    "n_units_l1": 26,
    "dropout": 0.32917727593317825,
    "lr": 0.0006979270840238658,
    "batch_size": 64
}