{
    "n_layers": 3,
    "n_units_l0": 64,
    "n_units_l1": 16,
    "n_units_l2": 24,
    "dropout": 0.5986883536539191,
    "lr": 0.0022513103504097657,
    "batch_size": 64
}