{
    "n_layers": 2,
    "n_units_l0": 896,
    "n_units_l1": 288,
    "dropout": 0.4425964667120019,
    "lr": 0.0009111123017262804,
    "batch_size": 64
}