{
    "n_layers": 2,
    "n_units_l0": 896,
    "n_units_l1": 448,
    "dropout": 0.3649377294794714,
    "lr": 0.0006700869837135973,
    "batch_size": 128
}