{
    "n_layers": 3,
    "n_units_l0": 704,
    "n_units_l1": 240,
    "n_units_l2": 128,
    "dropout": 0.20065058672651062,
    "lr": 0.002420925001180309,
    "batch_size": 64
}