{
    "n_layers": 1,
    "n_units_l0": 640,
    "dropout": 0.20541353329971754,
    "lr": 0.0001132858178160956,
    "batch_size": 128
}