{
    "n_layers": 1,
    "n_units_l0": 832,
    "dropout": 0.5887146146901744,
    "lr": 0.00035766331601721677,
    "batch_size": 64
}