{
    "n_layers": 1,
    "n_units_l0": 96,
    "dropout": 0.22664611780689442,
    "lr": 0.006210906519269401,
    "batch_size": 32
}