{
    "n_layers": 2,
    "n_units_l0": 104,
    "n_units_l1": 34,
    "dropout": 0.40794447873804807,
    "lr": 0.003772035420195378,
    "batch_size": 64
}