{
    "n_layers": 2,
    "n_units_l0": 512,
    "n_units_l1": 128,
    "dropout": 0.2536632183504357,
    "lr": 0.0003518856990911197,
    "batch_size": 64
}