{
    "n_layers": 2,
    "n_units_l0": 896,
    "n_units_l1": 224,
    "dropout": 0.27719644070877003,
    "lr": 0.005943035434973974,
    "batch_size": 128
}