{
    "n_layers": 2,
    "n_units_l0": 512,
    "n_units_l1": 192,
    "dropout": 0.40185208736328454,
    "lr": 0.00018269174681682514,
    "batch_size": 64
}