{
    "n_layers": 1,
    "n_units_l0": 448,
    "dropout": 0.5695290381287084,
    "lr": 0.0013067187206003555,
    "batch_size": 32
}