{
    "n_layers": 1,
    "n_units_l0": 576,
    "dropout": 0.49126802505526157,
    "lr": 0.0003032420343576521,
    "batch_size": 32
}