{
    "n_layers": 2,
    "n_units_l0": 320,
    "n_units_l1": 112,
    "dropout": 0.3727992225759903,
    "lr": 0.004609194984699904,
    "batch_size": 32
}