{
    "n_layers": 1,
    "n_units_l0": 80,
    "dropout": 0.5526917406169503,
    "lr": 0.0015348714852027592,
    "batch_size": 32
}