{
    "n_layers": 3,
    "n_units_l0": 480,
    "n_units_l1": 216,
    "n_units_l2": 64,
    "dropout": 0.5603346634459623,
    "lr": 0.00035764163441504444,
    "batch_size": 128
}