{
    "n_layers": 2,
    "n_units_l0": 896,
    "n_units_l1": 416,
    "dropout": 0.28862196641233046,
    "lr": 0.0018285791197038565,
    "batch_size": 128
}