{
    "n_layers": 2,
    "n_units_l0": 288,
    "n_units_l1": 104,
    "dropout": 0.5115130796882349,
    "lr": 0.0041276682108211385,
    "batch_size": 128
}