{
    "n_layers": 3,
    "n_units_l0": 960,
    "n_units_l1": 304,
    "n_units_l2": 192,
    "dropout": 0.5093339781051377,
    "lr": 0.002062671906206114,
    "batch_size": 32
}