{
    "n_layers": 2,
    "n_units_l0": 120,
    "n_units_l1": 38,
    "dropout": 0.3578388208800105,
    "lr": 0.0011368794104704952,
    "batch_size": 128
}