{
    "n_layers": 2,
    "n_units_l0": 416,
    "n_units_l1": 200,
    "dropout": 0.43898114289802553,
    "lr": 0.003470905941474623,
    "batch_size": 128
}