{
    "n_layers": 3,
    "n_units_l0": 88,
    "n_units_l1": 30,
    "n_units_l2": 24,
    "dropout": 0.20760624297119212,
    "lr": 0.00017839064041062677,
    "batch_size": 128
}