{
    "n_layers": 3,
    "n_units_l0": 576,
    "n_units_l1": 144,
    "n_units_l2": 160,
    "dropout": 0.5254515237277703,
    "lr": 0.0002085952622861088,
    "batch_size": 64
}