{
    "n_layers": 2,
    "n_units_l0": 128,
    "n_units_l1": 32,
    "dropout": 0.5402209991834753,
    "lr": 0.0007071296405287752,
    "batch_size": 64
}