{
    "n_layers": 3,
    "n_units_l0": 512,
    "n_units_l1": 256,
    "n_units_l2": 128,
    "dropout": 0.4544832063763638,
    "lr": 0.0013881366396271927,
    "batch_size": 128
}