{
    "n_layers": 2,
    "n_units_l0": 640,
    "n_units_l1": 320,
    "dropout": 0.38736203775011846,
    "lr": 0.0028657814444364954,
    "batch_size": 32
}