{
    "n_layers": 3,
    "n_units_l0": 544,
    "n_units_l1": 136,
    "n_units_l2": 128,
    "dropout": 0.584001690692926,
    "lr": 0.003041266778107199,
    "batch_size": 128
}