{
    "n_layers": 1,
    "n_units_l0": 896,
    "dropout": 0.3085260123853719,
    "lr": 0.00011952020471393971,
    "batch_size": 128
}