{
    "n_layers": 3,
    "n_units_l0": 896,
    "n_units_l1": 288,
    "n_units_l2": 192,
    "dropout": 0.34281031905411885,
    "lr": 0.007297902699716308,
    "batch_size": 32
}