{
    "n_layers": 2,
    "n_units_l0": 832,
    "n_units_l1": 272,
    "dropout": 0.26594455924175364,
    "lr": 0.00016306019824526114,
    "batch_size": 64
}