{
    "n_layers": 3,
    "n_units_l0": 704,
    "n_units_l1": 240,
    "n_units_l2": 192,
    "dropout": 0.5485430175596381,
    "lr": 0.005348147632828585,
    "batch_size": 32
}