{
    "n_layers": 3,
    "n_units_l0": 1024,
    "n_units_l1": 384,
    "n_units_l2": 128,
    "dropout": 0.2920620746074165,
    "lr": 0.00023367450865107836,
    "batch_size": 64
}