{
    "n_layers": 2,
    "n_units_l0": 80,
    "n_units_l1": 28,
    "dropout": 0.2568027972653329,
    "lr": 0.00485582284852137,
    "batch_size": 32
}