{
    "n_layers": 3,
    "n_units_l0": 576,
    "n_units_l1": 144,
    "n_units_l2": 128,
    "dropout": 0.4455295929501662,
    "lr": 0.0011413609796676084,
    "batch_size": 32
}