{
    "n_layers": 3,
    "n_units_l0": 640,
    "n_units_l1": 224,
    "n_units_l2": 128,
    "dropout": 0.36677631008149236,
    "lr": 0.00011713157338569151,
    "batch_size": 32
}