{
    "n_layers": 2,
    "n_units_l0": 288,
    "n_units_l1": 136,
    "dropout": 0.29845155891571407,
    "lr": 0.00044697752384482574,
    "batch_size": 128
}