{
    "n_layers": 2,
    "n_units_l0": 640,
    "n_units_l1": 288,
    "dropout": 0.21906499154173834,
    "lr": 0.00023965801087139858,
    "batch_size": 64
}