{
    "n_layers": 1,
    "n_units_l0": 448,
    "dropout": 0.34852886752836043,
    "lr": 0.0013562081711935487,
    "batch_size": 64
}