{
    "n_layers": 2,
    "n_units_l0": 448,
    "n_units_l1": 176,
    "dropout": 0.5446475997300811,
    "lr": 0.00018973839795684484,
    "batch_size": 128
}