{
    "n_layers": 3,
    "n_units_l0": 896,
    "n_units_l1": 288,
    "n_units_l2": 192,
    "dropout": 0.4862003451408053,
    "lr": 0.0001515245756786822,
    "batch_size": 32
}