{
    "n_layers": 3,
    "n_units_l0": 128,
    "n_units_l1": 48,
    "n_units_l2": 16,
    "dropout": 0.22174784956161475,
    "lr": 0.0009513357575053981,
    "batch_size": 32
}