{
    "n_layers": 2,
    "n_units_l0": 512,
    "n_units_l1": 128,
    "dropout": 0.4309010963808099,
    "lr": 0.0005922887684195712,
    "batch_size": 64
}