{
    "n_layers": 1,
    "n_units_l0": 1024,
    "dropout": 0.3132620531842002,
    "lr": 0.0008289494110830467,
    "batch_size": 32
}