{
    "n_layers": 2,
    "n_units_l0": 480,
    "n_units_l1": 216,
    "dropout": 0.28857933912251343,
    "lr": 0.0003611057885164786,
    "batch_size": 64
}