{
    "n_layers": 2,
    "n_units_l0": 448,
    "n_units_l1": 112,
    "dropout": 0.3639259449256807,
    "lr": 0.00017816815270677865,
    "batch_size": 32
}