{
    "n_layers": 3,
    "n_units_l0": 448,
    "n_units_l1": 208,
    "n_units_l2": 64,
    "dropout": 0.20592870341370792,
    "lr": 0.0002865714868924841,
    "batch_size": 32
}