{
    "n_layers": 2,
    "n_units_l0": 1024,
    "n_units_l1": 384,
    "dropout": 0.2017679972997407,
    "lr": 0.0004721119132491557,
    "batch_size": 32
}