{
    "n_layers": 1,
    "n_units_l0": 80,
    "dropout": 0.30347017766121476,
    "lr": 0.00982909902351013,
    "batch_size": 64
}