{
    "n_layers": 2,
    "n_units_l0": 72,
    "n_units_l1": 26,
    "dropout": 0.29902504015562903,
    "lr": 0.002530455480141246,
    "batch_size": 64
}