{
    "n_layers": 1,
    "n_units_l0": 960,
    "dropout": 0.36033062477720634,
    "lr": 0.001916314290749852,
    "batch_size": 32
}