{
    "n_layers": 1,
    "n_units_l0": 576,
    "dropout": 0.4343296931134402,
    "lr": 0.0006849767278780566,
    "batch_size": 128
}