{
    "n_layers": 1,
    "n_units_l0": 576,
    "dropout": 0.3335836714366303,
    "lr": 0.0004676979907988066,
    "batch_size": 64
}