{
    "n_layers": 1,
    "n_units_l0": 256,
    "dropout": 0.5118232571355116,
    "lr": 0.00013698257281651494,
    "batch_size": 128
}