{
    "n_layers": 2,
    "n_units_l0": 88,
    "n_units_l1": 38,
    "dropout": 0.2615153712328758,
    "lr": 0.0024664544597316155,
    "batch_size": 32
}