{
    "n_layers": 3,
    "n_units_l0": 928,
    "n_units_l1": 360,
    "n_units_l2": 128,
    "dropout": 0.30414439526422554,
    "lr": 0.005255094215958515,
    "batch_size": 64
}