{
    "n_layers": 1,
    "n_units_l0": 352,
    "dropout": 0.47482406398043475,
    "lr": 0.0004665183213532763,
    "batch_size": 64
}