{
    "n_layers": 3,
    "n_units_l0": 64,
    "n_units_l1": 16,
    "n_units_l2": 24,
    "dropout": 0.4057653013805639,
    "lr": 0.0034418515708248393,
    "batch_size": 32
}