{
    "n_layers": 3,
    "n_units_l0": 80,
    "n_units_l1": 36,
    "n_units_l2": 16,
    "dropout": 0.417804467888252,
    "lr": 0.00011179048307005862,
    "batch_size": 128
}