{
    "n_layers": 1,
    "n_units_l0": 1024,
    "dropout": 0.20755463370268834,
    "lr": 0.00139635163158472,
    "batch_size": 32
}