{
    "n_layers": 2,
    "n_units_l0": 104,
    "n_units_l1": 42,
    "dropout": 0.3776885095254224,
    "lr": 0.00926270075403702,
    "batch_size": 32
}