{
    "n_layers": 1,
    "n_units_l0": 128,
    "dropout": 0.5165426905385165,
    "lr": 0.00018641752498244781,
    "batch_size": 32
}