{
    "n_layers": 3,
    "n_units_l0": 928,
    "n_units_l1": 360,
    "n_units_l2": 128,
    "dropout": 0.4284739858738548,
    "lr": 0.002625551959636435,
    "batch_size": 64
}