{
    "n_layers": 2,
    "n_units_l0": 704,
    "n_units_l1": 176,
    "dropout": 0.5831671382273411,
    "lr": 0.0008635597707561969,
    "batch_size": 128
}