{
    "n_layers": 1,
    "n_units_l0": 576,
    "dropout": 0.4115261077900341,
    "lr": 0.00017101644753359454,
    "batch_size": 64
}