{
    "n_layers": 2,
    "n_units_l0": 640,
    "n_units_l1": 288,
    "dropout": 0.39576598761650217,
    "lr": 0.0008250768536679111,
    "batch_size": 128
}