{
    "n_layers": 2,
    "n_units_l0": 1024,
    "n_units_l1": 448,
    "dropout": 0.3626652276667866,
    "lr": 0.00028747825702930385,
    "batch_size": 128
}