{
    "n_layers": 1,
    "n_units_l0": 640,
    "dropout": 0.4468531375854304,
    "lr": 0.006803997017936843,
    "batch_size": 32
}