{
    "n_layers": 1,
    "n_units_l0": 768,
    "dropout": 0.28427089676424416,
    "lr": 0.007495381114713157,
    "batch_size": 128
}