{
    "n_layers": 3,
    "n_units_l0": 768,
    "n_units_l1": 192,
    "n_units_l2": 128,
    "dropout": 0.29472185624879776,
    "lr": 0.0017305617412623781,
    "batch_size": 32
}