{
    "n_layers": 1,
    "n_units_l0": 80,
    "dropout": 0.2594915256630263,
    "lr": 0.00015877088961848006,
    "batch_size": 32
}