{
    "n_layers": 1,
    "n_units_l0": 768,
    "dropout": 0.2129968023980681,
    "lr": 0.0006972584125730923,
    "batch_size": 128
}