{
    "n_layers": 2,
    "n_units_l0": 640,
    "n_units_l1": 160,
    "dropout": 0.34514844674802125,
    "lr": 0.001856270174708099,
    "batch_size": 32
}