{
    "n_layers": 2,
    "n_units_l0": 1024,
    "n_units_l1": 512,
    "dropout": 0.48893539423195415,
    "lr": 0.009173028689684178,
    "batch_size": 128
}