{
    "n_layers": 3,
    "n_units_l0": 512,
    "n_units_l1": 128,
    "n_units_l2": 64,
    "dropout": 0.3860872426585466,
    "lr": 0.0011700067379100182,
    "batch_size": 32
}