{
    "n_layers": 2,
    "n_units_l0": 960,
    "n_units_l1": 240,
    "dropout": 0.2282231148573285,
    "lr": 0.0002832504550991968,
    "batch_size": 64
}