{
    "n_layers": 3,
    "n_units_l0": 896,
    "n_units_l1": 416,
    "n_units_l2": 128,
    "dropout": 0.5623213229920496,
    "lr": 0.007956218627315263,
    "batch_size": 128
}