{
    "n_layers": 1,
    "n_units_l0": 832,
    "dropout": 0.2966328975429134,
    "lr": 0.0027756143610222165,
    "batch_size": 32
}