{
    "n_layers": 3,
    "n_units_l0": 960,
    "n_units_l1": 304,
    "n_units_l2": 192,
    "dropout": 0.35654338136480446,
    "lr": 0.00710671797797067,
    "batch_size": 128
}