{
    "n_layers": 2,
    "n_units_l0": 832,
    "n_units_l1": 208,
    "dropout": 0.3942847959542422,
    "lr": 0.0011234450577129293,
    "batch_size": 32
}