{
    "n_layers": 3,
    "n_units_l0": 480,
    "n_units_l1": 184,
    "n_units_l2": 96,
    "dropout": 0.28112609404675465,
    "lr": 0.00013812411765996304,
    "batch_size": 64
}