{
    "n_layers": 3,
    "n_units_l0": 960,
    "n_units_l1": 368,
    "n_units_l2": 128,
    "dropout": 0.3974523496131127,
    "lr": 0.006415253981497064,
    "batch_size": 64
}