{
    "n_layers": 1,
    "n_units_l0": 896,
    "dropout": 0.49770598785456754,
    "lr": 0.0002838599246393355,
    "batch_size": 64
}