{
    "n_layers": 2,
    "n_units_l0": 512,
    "n_units_l1": 192,
    "dropout": 0.5136665561440473,
    "lr": 0.007454913614052403,
    "batch_size": 128
}