{
    "n_layers": 1,
    "n_units_l0": 736,
    "dropout": 0.21828903137591515,
    "lr": 0.0013510520996058276,
    "batch_size": 32
}