{
    "n_layers": 3,
    "n_units_l0": 512,
    "n_units_l1": 256,
    "n_units_l2": 128,
    "dropout": 0.44198269165827764,
    "lr": 0.0036418161110249154,
    "batch_size": 64
}