{
    "n_layers": 3,
    "n_units_l0": 88,
    "n_units_l1": 30,
    "n_units_l2": 16,
    "dropout": 0.2086496159916029,
    "lr": 0.0029721805500073153,
    "batch_size": 64
}