{
    "n_layers": 2,
    "n_units_l0": 512,
    "n_units_l1": 256,
    "dropout": 0.23530284432308565,
    "lr": 0.00023530427490720205,
    "batch_size": 32
}