{
    "n_layers": 2,
    "n_units_l0": 960,
    "n_units_l1": 432,
    "dropout": 0.31518508666378486,
    "lr": 0.004008658664210223,
    "batch_size": 32
}