{
    "n_layers": 2,
    "n_units_l0": 768,
    "n_units_l1": 384,
    "dropout": 0.21233280299178856,
    "lr": 0.002009317789501482,
    "batch_size": 32
}