{
    "n_layers": 2,
    "n_units_l0": 416,
    "n_units_l1": 136,
    "dropout": 0.3049741383696564,
    "lr": 0.0003427263971322493,
    "batch_size": 64
}