{
    "n_layers": 2,
    "n_units_l0": 1024,
    "n_units_l1": 320,
    "dropout": 0.5728716024107493,
    "lr": 0.0045748054657977185,
    "batch_size": 128
}