{
    "n_layers": 3,
    "n_units_l0": 960,
    "n_units_l1": 240,
    "n_units_l2": 128,
    "dropout": 0.25886388260479815,
    "lr": 0.00031597551930514795,
    "batch_size": 128
}