{
    "n_layers": 2,
    "n_units_l0": 256,
    "n_units_l1": 128,
    "dropout": 0.4651895650816867,
    "lr": 0.0032048482681912554,
    "batch_size": 32
}