{
    "n_layers": 2,
    "n_units_l0": 1024,
    "n_units_l1": 512,
    "dropout": 0.2731148481453981,
    "lr": 0.00012368437447904745,
    "batch_size": 32
}