{
    "n_layers": 3,
    "n_units_l0": 576,
    "n_units_l1": 272,
    "n_units_l2": 160,
    "dropout": 0.22768321134516822,
    "lr": 0.0006642925847058126,
    "batch_size": 64
}