{
    "n_layers": 2,
    "n_units_l0": 832,
    "n_units_l1": 208,
    "dropout": 0.20193299015203722,
    "lr": 0.0007178560644675876,
    "batch_size": 64
}