{
    "n_layers": 3,
    "n_units_l0": 64,
    "n_units_l1": 32,
    "n_units_l2": 16,
    "dropout": 0.24866150772992457,
    "lr": 0.00034779437902325664,
    "batch_size": 128
}