{
    "n_layers": 2,
    "n_units_l0": 896,
    "n_units_l1": 416,
    "dropout": 0.23496585013780824,
    "lr": 0.0009246136747126142,
    "batch_size": 128
}