{
    "n_layers": 3,
    "n_units_l0": 768,
    "n_units_l1": 320,
    "n_units_l2": 128,
    "dropout": 0.5836537753502775,
    "lr": 0.00018476641921889292,
    "batch_size": 64
}