{
    "n_layers": 2,
    "n_units_l0": 80,
    "n_units_l1": 20,
    "dropout": 0.28149318186062494,
    "lr": 0.0044259451013640315,
    "batch_size": 128
}