{
    "n_layers": 3,
    "n_units_l0": 832,
    "n_units_l1": 272,
    "n_units_l2": 128,
    "dropout": 0.5619918151790201,
    "lr": 0.006809607931714329,
    "batch_size": 32
}