{
    "n_layers": 3,
    "n_units_l0": 112,
    "n_units_l1": 36,
    "n_units_l2": 16,
    "dropout": 0.295186013582473,
    "lr": 0.00014013774928318674,
    "batch_size": 32
}