{
    "n_layers": 3,
    "n_units_l0": 832,
    "n_units_l1": 336,
    "n_units_l2": 128,
    "dropout": 0.20459009154168362,
    "lr": 0.000810766991073164,
    "batch_size": 32
}