{
    "n_layers": 2,
    "n_units_l0": 672,
    "n_units_l1": 200,
    "dropout": 0.3059939157578618,
    "lr": 0.0001078334278206481,
    "batch_size": 64
}