{
    "n_layers": 3,
    "n_units_l0": 96,
    "n_units_l1": 32,
    "n_units_l2": 16,
    "dropout": 0.48616653788787495,
    "lr": 0.00019874788916798055,
    "batch_size": 128
}