{
    "n_layers": 2,
    "n_units_l0": 128,
    "n_units_l1": 56,
    "dropout": 0.3725545692220814,
    "lr": 0.0001832957425621595,
    "batch_size": 64
}