{
    "n_layers": 3,
    "n_units_l0": 832,
    "n_units_l1": 272,
    "n_units_l2": 128,
    "dropout": 0.3059701942040304,
    "lr": 0.0007564877812546839,
    "batch_size": 32
}