{
    "n_layers": 3,
    "n_units_l0": 768,
    "n_units_l1": 320,
    "n_units_l2": 128,
    "dropout": 0.43443874192426946,
    "lr": 0.0009850616149894129,
    "batch_size": 32
}