{
    "n_layers": 3,
    "n_units_l0": 736,
    "n_units_l1": 184,
    "n_units_l2": 160,
    "dropout": 0.206172664568723,
    "lr": 0.002524944988403124,
    "batch_size": 32
}