{
    "n_layers": 1,
    "n_units_l0": 928,
    "dropout": 0.250642015864784,
    "lr": 0.0006574181897205929,
    "batch_size": 32
}