{
    "n_layers": 1,
    "n_units_l0": 768,
    "dropout": 0.4605332865741903,
    "lr": 0.003158331386184307,
    "batch_size": 128
}