{
    "n_layers": 1,
    "n_units_l0": 512,
    "dropout": 0.39284572185868977,
    "lr": 0.0014544955414865497,
    "batch_size": 128
}