{
    "n_layers": 2,
    "n_units_l0": 288,
    "n_units_l1": 104,
    "dropout": 0.4574561771739624,
    "lr": 0.0003405465219579446,
    "batch_size": 32
}