{
    "n_layers": 2,
    "n_units_l0": 512,
    "n_units_l1": 192,
    "dropout": 0.21062130667598733,
    "lr": 0.001334946586807623,
    "batch_size": 128
}