{
    "n_layers": 2,
    "n_units_l0": 512,
    "n_units_l1": 192,
    "dropout": 0.40174866928477504,
    "lr": 0.006836630026000399,
    "batch_size": 64
}