{
    "n_layers": 3,
    "n_units_l0": 448,
    "n_units_l1": 176,
    "n_units_l2": 64,
    "dropout": 0.41859894408644255,
    "lr": 0.006574731637360551,
    "batch_size": 32
}