{
    "n_layers": 2,
    "n_units_l0": 768,
    "n_units_l1": 256,
    "dropout": 0.49426608351695006,
    "lr": 0.001948211239518172,
    "batch_size": 64
}