x_center,y_center,box_length,score
835.0,782.0,26.0,0.6452109217643738
597.0,423.0,24.0,0.6402344703674316
905.0,592.0,19.0,0.6003748774528503
603.0,854.0,19.0,0.5762404799461365
