x_center,y_center,box_length,score
763.0,974.0,61.0,0.8688613772392273
199.0,741.0,29.0,0.831015408039093
10.0,116.0,21.0,0.7612980604171753
578.0,191.0,29.0,0.595221221446991
828.0,151.0,17.0,0.5446693897247314
387.0,642.0,29.0,0.535477340221405
311.0,482.0,21.0,0.5259255766868591
824.0,648.0,17.0,0.5203527212142944
488.0,156.0,17.0,0.5158454179763794
