x_center,y_center,box_length,score
622.0,376.0,38.0,0.7517964839935303
315.0,214.0,24.0,0.5763998627662659
669.0,410.0,42.0,0.5638801455497742
744.0,413.0,38.0,0.5454319715499878
