x_center,y_center,box_length,score
739.0,942.0,21.0,0.5608218312263489
703.0,937.0,50.0,0.505775511264801
