x_center,y_center,box_length,score
293.0,244.0,76.0,0.5662005543708801
774.0,813.0,21.0,0.5358222126960754
824.0,363.0,24.0,0.5300566554069519
247.0,910.0,26.0,0.5276963710784912
344.0,98.0,29.0,0.5146403908729553
895.0,948.0,42.0,0.5125402808189392
153.0,327.0,57.0,0.5075824856758118
