x_center,y_center,box_length,score
373.0,478.0,37.0,0.7404767274856567
400.0,487.0,105.0,0.6534298658370972
169.0,190.0,37.0,0.5952650308609009
192.0,225.0,21.0,0.5787574648857117
120.0,774.0,26.0,0.5575832724571228
