x_center,y_center,box_length,score
669.0,537.0,40.0,0.900154709815979
962.0,213.0,21.0,0.637194812297821
359.0,67.0,24.0,0.522849440574646
