x_center,y_center,box_length,score
469.0,603.0,26.0,0.5524826645851135
948.0,268.0,92.0,0.5190714597702026
