x_center,y_center,box_length,score
455.0,741.0,54.0,0.8063317537307739
322.0,203.0,24.0,0.7739453315734863
614.0,612.0,32.0,0.7202256917953491
969.0,77.0,19.0,0.578362226486206
