x_center,y_center,box_length,score
496.0,960.0,43.0,0.5945870280265808
470.0,980.0,37.0,0.5512368679046631
558.0,752.0,56.0,0.5105040073394775
