x_center,y_center,box_length,score
366.0,981.0,24.0,0.7177982330322266
386.0,60.0,25.0,0.6406388878822327
929.0,445.0,60.0,0.5098514556884766
