x_center,y_center,box_length,score
481.0,677.0,64.0,0.6539583206176758
431.0,356.0,23.0,0.6493996381759644
893.0,129.0,29.0,0.6160216331481934
503.0,439.0,37.0,0.5901561379432678
523.0,961.0,63.0,0.5509008765220642
217.0,451.0,26.0,0.5360264182090759
97.0,981.0,21.0,0.5281936526298523
1005.0,941.0,29.0,0.5263566970825195
14.0,297.0,29.0,0.5248003602027893
672.0,918.0,36.0,0.5224608778953552
781.0,272.0,29.0,0.5029148459434509
