x_center,y_center,box_length,score
396.0,212.0,46.0,0.6525421738624573
653.0,566.0,23.0,0.550018846988678
557.0,426.0,29.0,0.5197688937187195
554.0,777.0,34.0,0.5169991254806519
139.0,100.0,63.0,0.5143527984619141
205.0,961.0,38.0,0.501767098903656
