x_center,y_center,box_length,score
506.0,758.0,17.0,0.6826533079147339
676.0,446.0,17.0,0.6794573068618774
39.0,757.0,17.0,0.6451194286346436
563.0,724.0,17.0,0.6291099786758423
511.0,362.0,17.0,0.6151727437973022
521.0,178.0,21.0,0.6105426549911499
192.0,585.0,17.0,0.5516168475151062
