x_center,y_center,box_length,score
372.0,400.0,43.0,0.7083132863044739
117.0,843.0,130.0,0.5846682190895081
334.0,467.0,26.0,0.5279833078384399
