x_center,y_center,box_length,score
217.0,214.0,24.0,0.6739294528961182
271.0,234.0,26.0,0.6492337584495544
303.0,200.0,21.0,0.6429848670959473
115.0,218.0,42.0,0.6188724637031555
839.0,242.0,34.0,0.5807440876960754
151.0,149.0,21.0,0.5685686469078064
108.0,735.0,40.0,0.5348358750343323
519.0,581.0,29.0,0.5296252965927124
24.0,474.0,26.0,0.5068852305412292
750.0,766.0,17.0,0.5067279934883118
853.0,175.0,17.0,0.5045911073684692
