x_center,y_center,box_length,score
974.0,841.0,48.0,0.64766925573349
279.0,318.0,23.0,0.5960465669631958
239.0,310.0,46.0,0.5746219754219055
705.0,278.0,117.0,0.5743905305862427
865.0,440.0,99.0,0.561719536781311
