x_center,y_center,box_length,score
347.0,999.0,32.0,0.6381149291992188
996.0,266.0,40.0,0.5002878904342651
