x_center,y_center,box_length,score
48.0,78.0,80.0,0.7285245656967163
843.0,194.0,29.0,0.661437451839447
824.0,132.0,25.0,0.637455940246582
289.0,669.0,17.0,0.6361991167068481
838.0,60.0,24.0,0.5955621600151062
814.0,166.0,23.0,0.5913252234458923
988.0,830.0,46.0,0.5176130533218384
277.0,766.0,21.0,0.5148826241493225
