x_center,y_center,box_length,score
408.0,122.0,25.0,0.5286182165145874
406.0,702.0,27.0,0.5118898153305054
382.0,731.0,21.0,0.5066768527030945
