x_center,y_center,box_length,score
374.0,99.0,50.0,0.6686979532241821
153.0,673.0,53.0,0.6634681224822998
664.0,745.0,29.0,0.6453628540039062
514.0,534.0,44.0,0.632258951663971
123.0,116.0,37.0,0.6166014671325684
430.0,135.0,59.0,0.6110811829566956
692.0,348.0,82.0,0.5950295329093933
70.0,501.0,25.0,0.5833756327629089
302.0,388.0,56.0,0.5302093029022217
