x_center,y_center,box_length,score
609.0,438.0,32.0,0.7726632952690125
479.0,409.0,23.0,0.6421480774879456
29.0,543.0,57.0,0.6094119548797607
967.0,96.0,34.0,0.606022834777832
894.0,155.0,48.0,0.584463894367218
954.0,362.0,63.0,0.5797996520996094
628.0,643.0,29.0,0.5572414994239807
679.0,669.0,26.0,0.541685938835144
885.0,860.0,17.0,0.5401527285575867
216.0,446.0,35.0,0.5385185480117798
678.0,127.0,32.0,0.5379648804664612
313.0,601.0,25.0,0.5280289649963379
570.0,14.0,24.0,0.5164426565170288
