x_center,y_center,box_length,score
952.0,706.0,24.0,0.7442724108695984
56.0,60.0,35.0,0.7053532600402832
207.0,455.0,46.0,0.6006171107292175
400.0,741.0,17.0,0.5826316475868225
792.0,400.0,29.0,0.57236248254776
19.0,197.0,35.0,0.5588453412055969
523.0,478.0,50.0,0.5576697587966919
460.0,190.0,21.0,0.5383882522583008
702.0,698.0,21.0,0.5375908017158508
750.0,606.0,29.0,0.5324438810348511
802.0,199.0,21.0,0.5095257759094238
190.0,40.0,34.0,0.5043814778327942
525.0,519.0,21.0,0.502936840057373
