x_center,y_center,box_length,score
252.0,410.0,34.0,0.788046658039093
261.0,376.0,29.0,0.7466113567352295
293.0,439.0,61.0,0.7028734683990479
736.0,353.0,31.0,0.6599787473678589
718.0,298.0,42.0,0.6496935486793518
447.0,543.0,67.0,0.5420910120010376
