x_center,y_center,box_length,score
204.0,840.0,35.0,0.608486533164978
724.0,899.0,26.0,0.5049542188644409
