x_center,y_center,box_length,score
610.0,531.0,26.0,0.7513658404350281
684.0,490.0,111.0,0.7297130823135376
628.0,548.0,29.0,0.5732715725898743
