x_center,y_center,box_length,score
209.0,914.0,29.0,0.8107503056526184
646.0,885.0,88.0,0.8039115071296692
847.0,151.0,19.0,0.6340941786766052
