x_center,y_center,box_length,score
913.0,125.0,21.0,0.7513797283172607
962.0,920.0,17.0,0.71401447057724
998.0,161.0,21.0,0.643894612789154
166.0,478.0,37.0,0.5275189876556396
16.0,426.0,17.0,0.5255410075187683
191.0,530.0,50.0,0.5048832297325134
