x_center,y_center,box_length,score
50.0,755.0,35.0,0.8661683797836304
642.0,56.0,21.0,0.6471342444419861
536.0,836.0,17.0,0.5651856660842896
662.0,749.0,21.0,0.5251808762550354
