x_center,y_center,box_length,score
925.0,954.0,35.0,0.7047280073165894
637.0,540.0,101.0,0.6856040954589844
981.0,319.0,32.0,0.6425646543502808
358.0,345.0,21.0,0.5578736066818237
41.0,544.0,19.0,0.5002895593643188
