x_center,y_center,box_length,score
684.0,222.0,32.0,0.8486555814743042
228.0,934.0,48.0,0.7495535612106323
613.0,307.0,29.0,0.6990763545036316
125.0,24.0,36.0,0.5776997804641724
110.0,68.0,17.0,0.5714748501777649
86.0,117.0,19.0,0.5593730807304382
685.0,326.0,17.0,0.545657753944397
962.0,153.0,35.0,0.5403995513916016
749.0,529.0,72.0,0.5327085852622986
688.0,532.0,17.0,0.5286109447479248
989.0,459.0,32.0,0.5267748236656189
983.0,132.0,17.0,0.5019508600234985
