x_center,y_center,box_length,score
390.0,813.0,57.0,0.6732936501502991
697.0,493.0,29.0,0.6050764322280884
97.0,946.0,27.0,0.5930274724960327
122.0,952.0,26.0,0.5738983154296875
963.0,856.0,24.0,0.5612266659736633
