x_center,y_center,box_length,score
674.0,883.0,69.0,0.5881754755973816
664.0,938.0,37.0,0.5380828380584717
