x_center,y_center,box_length,score
66.0,523.0,32.0,0.6946398019790649
779.0,855.0,46.0,0.6280258297920227
525.0,567.0,61.0,0.6034453511238098
599.0,755.0,67.0,0.5874769687652588
413.0,477.0,100.0,0.5813323855400085
909.0,1009.0,19.0,0.5246309638023376
366.0,584.0,19.0,0.5177883505821228
