x_center,y_center,box_length,score
224.0,225.0,61.0,0.5884337425231934
681.0,600.0,25.0,0.542304515838623
714.0,68.0,32.0,0.5108480453491211
