x_center,y_center,box_length,score
717.0,479.0,17.0,0.6208723187446594
779.0,930.0,21.0,0.5914661884307861
98.0,639.0,17.0,0.5543465614318848
616.0,421.0,17.0,0.5197621583938599
