x_center,y_center,box_length,score
201.0,492.0,71.0,0.7501915097236633
115.0,58.0,21.0,0.5584408044815063
222.0,88.0,23.0,0.5349751710891724
324.0,569.0,85.0,0.5253630876541138
340.0,659.0,86.0,0.5220467448234558
