x_center,y_center,box_length,score
14.0,702.0,26.0,0.7363457083702087
41.0,686.0,29.0,0.7052886486053467
233.0,656.0,34.0,0.5448037385940552
265.0,753.0,48.0,0.5010082125663757
