x_center,y_center,box_length,score
254.0,541.0,42.0,0.7972747087478638
145.0,43.0,21.0,0.7165566682815552
873.0,359.0,19.0,0.6865488886833191
51.0,328.0,63.0,0.675804615020752
258.0,298.0,27.0,0.6290622353553772
349.0,949.0,26.0,0.613408088684082
81.0,847.0,19.0,0.5807384848594666
644.0,1004.0,24.0,0.5710706114768982
128.0,433.0,29.0,0.553295910358429
328.0,910.0,17.0,0.5182298421859741
