x_center,y_center,box_length,score
445.0,217.0,24.0,0.6562454104423523
551.0,474.0,50.0,0.5148056149482727
