x_center,y_center,box_length,score
567.0,750.0,27.0,0.6851027607917786
589.0,547.0,32.0,0.5924813151359558
541.0,761.0,48.0,0.5339329242706299
555.0,115.0,26.0,0.5140317678451538
757.0,825.0,21.0,0.5066680908203125
198.0,1008.0,24.0,0.5041559338569641
