x_center,y_center,box_length,score
627.0,96.0,85.0,0.7207970023155212
139.0,611.0,107.0,0.6980136036872864
555.0,874.0,57.0,0.6259443163871765
191.0,791.0,48.0,0.5504405498504639
684.0,944.0,53.0,0.5375843644142151
