x_center,y_center,box_length,score
68.0,298.0,19.0,0.6344039440155029
85.0,740.0,35.0,0.5113802552223206
