x_center,y_center,box_length,score
382.0,563.0,80.0,0.7999178171157837
100.0,460.0,65.0,0.7085282802581787
691.0,45.0,45.0,0.6504842638969421
250.0,539.0,21.0,0.5568315386772156
311.0,650.0,17.0,0.5000505447387695
