x_center,y_center,box_length,score
735.0,440.0,21.0,0.6368715167045593
10.0,618.0,19.0,0.6176170706748962
35.0,891.0,17.0,0.5641980767250061
115.0,386.0,17.0,0.5623815059661865
402.0,945.0,17.0,0.5554319024085999
523.0,968.0,17.0,0.5390080213546753
