x_center,y_center,box_length,score
931.0,477.0,17.0,0.6216216683387756
782.0,627.0,19.0,0.620678186416626
98.0,973.0,29.0,0.5814401507377625
770.0,629.0,17.0,0.5687708854675293
75.0,962.0,24.0,0.5675259232521057
434.0,669.0,21.0,0.549182116985321
17.0,98.0,17.0,0.5377922058105469
