x_center,y_center,box_length,score
298.0,692.0,26.0,0.8437076807022095
46.0,197.0,60.0,0.7553604245185852
243.0,235.0,21.0,0.6703653335571289
237.0,333.0,17.0,0.6649947762489319
709.0,724.0,21.0,0.6604019999504089
84.0,1006.0,17.0,0.6563036441802979
239.0,873.0,17.0,0.5493243336677551
933.0,895.0,17.0,0.5452141165733337
