x_center,y_center,box_length,score
927.0,252.0,21.0,0.7375921010971069
470.0,559.0,21.0,0.7259504795074463
584.0,481.0,58.0,0.7189464569091797
793.0,539.0,23.0,0.7146427631378174
194.0,195.0,19.0,0.6492903828620911
760.0,813.0,50.0,0.5792855024337769
724.0,306.0,29.0,0.5522829294204712
776.0,927.0,32.0,0.5468804836273193
355.0,97.0,58.0,0.5361707806587219
960.0,1008.0,32.0,0.5357292890548706
766.0,153.0,26.0,0.5318236351013184
760.0,506.0,17.0,0.5116182565689087
