x_center,y_center,box_length,score
699.0,179.0,90.0,0.7062594890594482
733.0,118.0,17.0,0.6902831196784973
