x_center,y_center,box_length,score
421.0,480.0,37.0,0.7335426807403564
927.0,370.0,50.0,0.678314208984375
830.0,889.0,17.0,0.650280773639679
833.0,809.0,17.0,0.6227170825004578
731.0,640.0,17.0,0.5982683300971985
969.0,947.0,43.0,0.5803842544555664
929.0,547.0,24.0,0.5760219097137451
836.0,860.0,17.0,0.5755801796913147
446.0,813.0,21.0,0.5066657662391663
