x_center,y_center,box_length,score
602.0,917.0,29.0,0.8175505995750427
878.0,704.0,21.0,0.6353375315666199
343.0,95.0,17.0,0.5014677047729492
