x_center,y_center,box_length,score
700.0,427.0,38.0,0.6744845509529114
98.0,83.0,27.0,0.6098333597183228
391.0,179.0,29.0,0.5467002987861633
27.0,33.0,24.0,0.5046471357345581
