x_center,y_center,box_length,score
136.0,812.0,36.0,0.8834430575370789
904.0,483.0,26.0,0.8020101189613342
621.0,989.0,23.0,0.7690334320068359
582.0,382.0,17.0,0.5482730269432068
388.0,30.0,21.0,0.5293141603469849
608.0,84.0,24.0,0.5212237238883972
24.0,596.0,17.0,0.5204189419746399
875.0,22.0,17.0,0.5152756571769714
