x_center,y_center,box_length,score
714.0,102.0,21.0,0.5160958170890808
444.0,897.0,19.0,0.5132904052734375
