x_center,y_center,box_length,score
739.0,795.0,73.0,0.6618630290031433
625.0,856.0,48.0,0.6565934419631958
480.0,433.0,24.0,0.6192781925201416
887.0,61.0,107.0,0.548427402973175
314.0,30.0,26.0,0.5319871306419373
