x_center,y_center,box_length,score
143.0,127.0,35.0,0.6546832919120789
703.0,515.0,25.0,0.5171850919723511
