x_center,y_center,box_length,score
549.0,674.0,26.0,0.7666038274765015
960.0,913.0,37.0,0.6589081883430481
950.0,956.0,50.0,0.6237086653709412
617.0,638.0,24.0,0.6022971272468567
587.0,626.0,48.0,0.596238374710083
661.0,690.0,21.0,0.5732874870300293
617.0,667.0,24.0,0.568731427192688
