x_center,y_center,box_length,score
106.0,910.0,24.0,0.7729611396789551
155.0,242.0,19.0,0.6075794696807861
630.0,581.0,17.0,0.5841881036758423
