x_center,y_center,box_length,score
42.0,799.0,35.0,0.7897161245346069
128.0,381.0,48.0,0.7802058458328247
730.0,781.0,43.0,0.7570819854736328
710.0,555.0,21.0,0.7284207344055176
398.0,782.0,24.0,0.7008235454559326
266.0,782.0,48.0,0.6906735897064209
877.0,28.0,17.0,0.6426827311515808
762.0,249.0,17.0,0.629464328289032
705.0,352.0,21.0,0.5780741572380066
548.0,555.0,26.0,0.5543962121009827
265.0,196.0,17.0,0.5465702414512634
470.0,387.0,17.0,0.5161570310592651
