x_center,y_center,box_length,score
740.0,105.0,82.0,0.7482845187187195
836.0,58.0,40.0,0.626788854598999
