x_center,y_center,box_length,score
84.0,295.0,40.0,0.6487947106361389
212.0,155.0,72.0,0.5338137745857239
