x_center,y_center,box_length,score
652.0,883.0,40.0,0.5588206052780151
206.0,528.0,50.0,0.5359518527984619
