x_center,y_center,box_length,score
974.0,25.0,21.0,0.5184590220451355
93.0,884.0,72.0,0.5090747475624084
