x_center,y_center,box_length,score
505.0,35.0,38.0,0.6396681070327759
133.0,886.0,40.0,0.6184999942779541
715.0,264.0,48.0,0.6132927536964417
282.0,385.0,34.0,0.6119719743728638
598.0,864.0,24.0,0.5704328417778015
782.0,593.0,40.0,0.5651817917823792
607.0,642.0,53.0,0.556255578994751
205.0,120.0,25.0,0.518182635307312
977.0,670.0,19.0,0.5013314485549927
