x_center,y_center,box_length,score
189.0,15.0,29.0,0.7185617089271545
371.0,37.0,69.0,0.6746761798858643
796.0,886.0,90.0,0.6677446365356445
730.0,136.0,36.0,0.5303096771240234
