{
    "n_layers": 3,
    "n_units_l0": 896,
    "n_units_l1": 352,
    "n_units_l2": 128,
    "dropout": 0.266237747059415,
    "lr": 0.00020062743124546419,
    "batch_size": 128
}