{
    "n_layers": 3,
    "n_units_l0": 768,
    "n_units_l1": 320,
    "n_units_l2": 128,
    "dropout": 0.5248172456866548,
    "lr": 0.00023394549594855344,
    "batch_size": 128
}