{
    "n_layers": 1,
    "n_units_l0": 576,
    "dropout": 0.5681865012767283,
    "lr": 0.0004325465313866069,
    "batch_size": 32
}