{
    "n_layers": 2,
    "n_units_l0": 576,
    "n_units_l1": 272,
    "dropout": 0.23052304198475546,
    "lr": 0.00010945860979697356,
    "batch_size": 32
}