{
    "n_layers": 1,
    "n_units_l0": 704,
    "dropout": 0.5667980663073282,
    "lr": 0.00010584634149022134,
    "batch_size": 128
}