{
    "n_layers": 2,
    "n_units_l0": 384,
    "n_units_l1": 96,
    "dropout": 0.572630506549251,
    "lr": 0.001111464787960915,
    "batch_size": 64
}