{
    "n_layers": 2,
    "n_units_l0": 704,
    "n_units_l1": 304,
    "dropout": 0.5127627952085859,
    "lr": 0.0007451067995917252,
    "batch_size": 128
}