{
    "n_layers": 1,
    "n_units_l0": 512,
    "dropout": 0.5629008912353559,
    "lr": 0.00035971528301093547,
    "batch_size": 128
}