{
    "n_layers": 2,
    "n_units_l0": 704,
    "n_units_l1": 176,
    "dropout": 0.322993938892992,
    "lr": 0.00031316672642047935,
    "batch_size": 32
}