{
    "n_layers": 1,
    "n_units_l0": 96,
    "dropout": 0.25002289326463806,
    "lr": 0.0077905143955857604,
    "batch_size": 32
}