{
    "n_layers": 3,
    "n_units_l0": 64,
    "n_units_l1": 32,
    "n_units_l2": 16,
    "dropout": 0.369180613740763,
    "lr": 0.0007447006801426138,
    "batch_size": 128
}