{
    "n_layers": 1,
    "n_units_l0": 1024,
    "dropout": 0.4442603033584773,
    "lr": 0.00018109569977316968,
    "batch_size": 128
}