{
    "n_layers": 3,
    "n_units_l0": 576,
    "n_units_l1": 208,
    "n_units_l2": 192,
    "dropout": 0.3208905630494573,
    "lr": 0.0017850413476797203,
    "batch_size": 64
}