{
    "n_layers": 3,
    "n_units_l0": 1024,
    "n_units_l1": 352,
    "n_units_l2": 128,
    "dropout": 0.501080825823009,
    "lr": 0.0027517122611913107,
    "batch_size": 64
}