{
    "n_layers": 3,
    "n_units_l0": 112,
    "n_units_l1": 28,
    "n_units_l2": 16,
    "dropout": 0.3544204941826004,
    "lr": 0.00014935113972066767,
    "batch_size": 32
}