{
    "n_layers": 1,
    "n_units_l0": 768,
    "dropout": 0.36654612476973825,
    "lr": 0.0005814690368785196,
    "batch_size": 128
}