{
    "n_layers": 1,
    "n_units_l0": 768,
    "dropout": 0.2155086243688302,
    "lr": 0.007446352470157497,
    "batch_size": 32
}