{
    "n_layers": 1,
    "n_units_l0": 704,
    "dropout": 0.5461629646189228,
    "lr": 0.00023809123407009713,
    "batch_size": 64
}