{
    "n_layers": 2,
    "n_units_l0": 128,
    "n_units_l1": 64,
    "dropout": 0.20230929074932014,
    "lr": 0.0022481402122982454,
    "batch_size": 64
}