{
    "n_layers": 2,
    "n_units_l0": 832,
    "n_units_l1": 336,
    "dropout": 0.30368638616007887,
    "lr": 0.00010746378092558568,
    "batch_size": 64
}