{
    "n_layers": 2,
    "n_units_l0": 512,
    "n_units_l1": 256,
    "dropout": 0.47627304733202414,
    "lr": 0.0009910031621367895,
    "batch_size": 128
}