{
    "n_layers": 2,
    "n_units_l0": 832,
    "n_units_l1": 336,
    "dropout": 0.5366363330441624,
    "lr": 0.002486614338670678,
    "batch_size": 64
}