{
    "n_layers": 3,
    "n_units_l0": 864,
    "n_units_l1": 312,
    "n_units_l2": 160,
    "dropout": 0.5812549444605053,
    "lr": 0.005595920479620929,
    "batch_size": 64
}