{
    "n_layers": 1,
    "n_units_l0": 832,
    "dropout": 0.4331382043032542,
    "lr": 0.00024433151142948543,
    "batch_size": 64
}