{
    "n_layers": 1,
    "n_units_l0": 704,
    "dropout": 0.49963207071317983,
    "lr": 0.00012361308461359088,
    "batch_size": 128
}