{
    "n_layers": 1,
    "n_units_l0": 256,
    "dropout": 0.5378038950500944,
    "lr": 0.0004264004776867891,
    "batch_size": 32
}