{
    "n_layers": 2,
    "n_units_l0": 96,
    "n_units_l1": 48,
    "dropout": 0.2829518970232352,
    "lr": 0.0006557598736047245,
    "batch_size": 32
}