{
    "n_layers": 1,
    "n_units_l0": 768,
    "dropout": 0.47539906115889147,
    "lr": 0.00021209700392898966,
    "batch_size": 64
}