{
    "n_layers": 1,
    "n_units_l0": 88,
    "dropout": 0.23931177164684958,
    "lr": 0.0005956941187255609,
    "batch_size": 32
}