{
    "n_layers": 2,
    "n_units_l0": 512,
    "n_units_l1": 256,
    "dropout": 0.4831201237993596,
    "lr": 0.003490225937186317,
    "batch_size": 64
}