{
    "n_layers": 3,
    "n_units_l0": 448,
    "n_units_l1": 176,
    "n_units_l2": 64,
    "dropout": 0.2798015311170148,
    "lr": 0.00014606937736499572,
    "batch_size": 32
}