{
    "n_layers": 2,
    "n_units_l0": 576,
    "n_units_l1": 208,
    "dropout": 0.3187648507604447,
    "lr": 0.0023548438154628614,
    "batch_size": 128
}