{
    "n_layers": 2,
    "n_units_l0": 320,
    "n_units_l1": 80,
    "dropout": 0.42499360563163907,
    "lr": 0.008767694899001073,
    "batch_size": 128
}