{
    "n_layers": 2,
    "n_units_l0": 480,
    "n_units_l1": 120,
    "dropout": 0.31004758311784986,
    "lr": 0.0006991206434398273,
    "batch_size": 64
}