{
    "n_layers": 3,
    "n_units_l0": 416,
    "n_units_l1": 168,
    "n_units_l2": 96,
    "dropout": 0.3405788339570669,
    "lr": 0.008818871475355133,
    "batch_size": 32
}