{
    "n_layers": 3,
    "n_units_l0": 832,
    "n_units_l1": 400,
    "n_units_l2": 192,
    "dropout": 0.30268681057667285,
    "lr": 0.0024687141140863674,
    "batch_size": 32
}