{
    "n_layers": 1,
    "n_units_l0": 256,
    "dropout": 0.2574898121915088,
    "lr": 0.00011502359649932898,
    "batch_size": 64
}