{
    "n_layers": 3,
    "n_units_l0": 88,
    "n_units_l1": 30,
    "n_units_l2": 24,
    "dropout": 0.4041764043804135,
    "lr": 0.00858713047780464,
    "batch_size": 128
}