{
    "n_layers": 2,
    "n_units_l0": 992,
    "n_units_l1": 248,
    "dropout": 0.4396338964350694,
    "lr": 0.0022072845946658386,
    "batch_size": 128
}