{
    "n_layers": 2,
    "n_units_l0": 896,
    "n_units_l1": 288,
    "dropout": 0.22777887851985926,
    "lr": 0.00010321672927424433,
    "batch_size": 128
}