{
    "n_layers": 1,
    "n_units_l0": 512,
    "dropout": 0.20164181305119208,
    "lr": 0.006017484682997339,
    "batch_size": 64
}