{
    "n_layers": 2,
    "n_units_l0": 832,
    "n_units_l1": 368,
    "dropout": 0.5183138262031002,
    "lr": 0.000433017890999031,
    "batch_size": 32
}