{
    "n_layers": 1,
    "n_units_l0": 896,
    "dropout": 0.49178597481753494,
    "lr": 0.0002442894626678271,
    "batch_size": 64
}