{
    "n_layers": 3,
    "n_units_l0": 704,
    "n_units_l1": 240,
    "n_units_l2": 128,
    "dropout": 0.5964346826590851,
    "lr": 0.0003811329558927069,
    "batch_size": 64
}