{
    "n_layers": 2,
    "n_units_l0": 800,
    "n_units_l1": 200,
    "dropout": 0.22981814435403625,
    "lr": 0.0016760173932122379,
    "batch_size": 64
}