{
    "n_layers": 3,
    "n_units_l0": 736,
    "n_units_l1": 344,
    "n_units_l2": 160,
    "dropout": 0.4534962674218783,
    "lr": 0.004393076400836038,
    "batch_size": 128
}