{
    "n_layers": 1,
    "n_units_l0": 88,
    "dropout": 0.5516107483342529,
    "lr": 0.00019040149507376511,
    "batch_size": 64
}