{
    "n_layers": 3,
    "n_units_l0": 112,
    "n_units_l1": 36,
    "n_units_l2": 24,
    "dropout": 0.21635015060462998,
    "lr": 0.00014546008109189685,
    "batch_size": 32
}