{
    "n_layers": 2,
    "n_units_l0": 320,
    "n_units_l1": 112,
    "dropout": 0.35723346076408713,
    "lr": 0.0008967661077703278,
    "batch_size": 32
}