{
    "n_layers": 3,
    "n_units_l0": 416,
    "n_units_l1": 200,
    "n_units_l2": 64,
    "dropout": 0.21984829090188202,
    "lr": 0.0019939988709553828,
    "batch_size": 128
}