{
    "n_layers": 3,
    "n_units_l0": 864,
    "n_units_l1": 376,
    "n_units_l2": 128,
    "dropout": 0.5787870413151891,
    "lr": 0.00956094535990872,
    "batch_size": 32
}