{
    "n_layers": 3,
    "n_units_l0": 384,
    "n_units_l1": 160,
    "n_units_l2": 96,
    "dropout": 0.39296710325689593,
    "lr": 0.0010078678487867858,
    "batch_size": 32
}