{
    "n_layers": 3,
    "n_units_l0": 544,
    "n_units_l1": 200,
    "n_units_l2": 160,
    "dropout": 0.4062610056469958,
    "lr": 0.00330477886625212,
    "batch_size": 32
}