{
    "n_layers": 2,
    "n_units_l0": 64,
    "n_units_l1": 16,
    "dropout": 0.21669699733782433,
    "lr": 0.00021329882466576819,
    "batch_size": 128
}