{
    "n_layers": 3,
    "n_units_l0": 640,
    "n_units_l1": 288,
    "n_units_l2": 128,
    "dropout": 0.242715472838991,
    "lr": 0.006257757465701152,
    "batch_size": 32
}