{
    "n_layers": 1,
    "n_units_l0": 832,
    "dropout": 0.4998542161525101,
    "lr": 0.0014914106353097166,
    "batch_size": 64
}