{
    "n_layers": 2,
    "n_units_l0": 576,
    "n_units_l1": 144,
    "dropout": 0.20331886949829078,
    "lr": 0.0023839681508597784,
    "batch_size": 64
}