{
    "n_layers": 3,
    "n_units_l0": 896,
    "n_units_l1": 224,
    "n_units_l2": 192,
    "dropout": 0.38503192198502967,
    "lr": 0.00015355938833218783,
    "batch_size": 128
}