{
    "n_layers": 3,
    "n_units_l0": 104,
    "n_units_l1": 42,
    "n_units_l2": 24,
    "dropout": 0.5727854714365096,
    "lr": 0.0033825835135664678,
    "batch_size": 128
}