{
    "n_layers": 3,
    "n_units_l0": 80,
    "n_units_l1": 20,
    "n_units_l2": 16,
    "dropout": 0.2569398975617342,
    "lr": 0.0004454125068401819,
    "batch_size": 128
}