{
    "n_layers": 3,
    "n_units_l0": 768,
    "n_units_l1": 192,
    "n_units_l2": 128,
    "dropout": 0.21324233811917404,
    "lr": 0.002306514240989153,
    "batch_size": 32
}