{
    "n_layers": 2,
    "n_units_l0": 1024,
    "n_units_l1": 480,
    "dropout": 0.20561860533917004,
    "lr": 0.0015216052818904655,
    "batch_size": 64
}