{
    "n_layers": 2,
    "n_units_l0": 832,
    "n_units_l1": 272,
    "dropout": 0.48846784124102144,
    "lr": 0.005013513491303249,
    "batch_size": 32
}