{
    "n_layers": 2,
    "n_units_l0": 288,
    "n_units_l1": 72,
    "dropout": 0.5714259166276433,
    "lr": 0.0037059205680183235,
    "batch_size": 64
}