{
    "n_layers": 2,
    "n_units_l0": 120,
    "n_units_l1": 30,
    "dropout": 0.41804439354321987,
    "lr": 0.004771127927329597,
    "batch_size": 128
}