{
    "n_layers": 2,
    "n_units_l0": 736,
    "n_units_l1": 344,
    "dropout": 0.32134522220088757,
    "lr": 0.0006430718066402854,
    "batch_size": 128
}