x_center,y_center,box_length,score
815.0,442.0,54.0,0.7859901189804077
668.0,164.0,21.0,0.7654260993003845
639.0,658.0,26.0,0.7566543221473694
553.0,900.0,32.0,0.7299352288246155
479.0,674.0,29.0,0.6925882697105408
292.0,576.0,54.0,0.686626672744751
415.0,388.0,32.0,0.6424968242645264
381.0,415.0,32.0,0.5924093127250671
46.0,757.0,17.0,0.5564079880714417
914.0,811.0,29.0,0.5534430146217346
778.0,797.0,36.0,0.5108345150947571
849.0,241.0,63.0,0.5074059963226318
