x_center,y_center,box_length,score
537.0,311.0,34.0,0.7316501140594482
911.0,561.0,36.0,0.7269536852836609
25.0,313.0,31.0,0.6636161208152771
659.0,778.0,31.0,0.631829559803009
1013.0,636.0,19.0,0.5481671690940857
