x_center,y_center,box_length,score
540.0,963.0,31.0,0.8510459065437317
958.0,614.0,21.0,0.7510274648666382
177.0,693.0,26.0,0.7411606907844543
658.0,317.0,40.0,0.6942793130874634
416.0,710.0,19.0,0.6310140490531921
320.0,208.0,21.0,0.6241422891616821
395.0,223.0,27.0,0.5738608241081238
710.0,189.0,19.0,0.5709417462348938
594.0,765.0,19.0,0.5497937202453613
883.0,954.0,19.0,0.5402852296829224
90.0,983.0,17.0,0.5320386290550232
