x_center,y_center,box_length,score
226.0,800.0,46.0,0.676605224609375
1000.0,459.0,37.0,0.5622673034667969
930.0,605.0,37.0,0.5469244122505188
332.0,91.0,65.0,0.5424488186836243
