x_center,y_center,box_length,score
701.0,901.0,21.0,0.7576916217803955
955.0,695.0,17.0,0.5486806631088257
701.0,315.0,21.0,0.5298033952713013
552.0,555.0,17.0,0.525329053401947
469.0,443.0,17.0,0.5197056531906128
