x_center,y_center,box_length,score
788.0,379.0,45.0,0.7935453653335571
810.0,924.0,29.0,0.7793899178504944
290.0,323.0,35.0,0.7036584615707397
776.0,584.0,26.0,0.6522299647331238
746.0,395.0,19.0,0.5752660036087036
795.0,780.0,17.0,0.5722892880439758
124.0,355.0,17.0,0.5341815948486328
748.0,515.0,71.0,0.5201243162155151
515.0,469.0,24.0,0.5010502934455872
