x_center,y_center,box_length,score
778.0,477.0,26.0,0.5623065233230591
1007.0,947.0,32.0,0.5498368740081787
694.0,561.0,19.0,0.5163499712944031
536.0,730.0,26.0,0.5126038193702698
