x_center,y_center,box_length,score
403.0,563.0,24.0,0.7703632116317749
331.0,948.0,43.0,0.6812648773193359
80.0,955.0,32.0,0.522584855556488
383.0,98.0,24.0,0.5177149772644043
