x_center,y_center,box_length,score
328.0,177.0,53.0,0.7696505784988403
285.0,643.0,48.0,0.7580018043518066
877.0,724.0,29.0,0.7396343350410461
822.0,257.0,29.0,0.59348464012146
