x_center,y_center,box_length,score
494.0,669.0,50.0,0.7695165276527405
996.0,210.0,32.0,0.6396409869194031
786.0,709.0,35.0,0.554284930229187
537.0,392.0,29.0,0.5204145312309265
