x_center,y_center,box_length,score
272.0,606.0,128.0,0.8469395041465759
51.0,209.0,35.0,0.7598077654838562
421.0,600.0,29.0,0.7340673804283142
335.0,753.0,72.0,0.7039323449134827
480.0,883.0,72.0,0.6982429027557373
367.0,639.0,63.0,0.6898043751716614
633.0,984.0,24.0,0.6767870783805847
