x_center,y_center,box_length,score
507.0,705.0,64.0,0.8176200985908508
951.0,515.0,26.0,0.6972004175186157
