x_center,y_center,box_length,score
197.0,63.0,21.0,0.611646294593811
814.0,423.0,17.0,0.608556866645813
912.0,47.0,24.0,0.6032640933990479
833.0,378.0,17.0,0.5814024209976196
182.0,897.0,107.0,0.5718796253204346
291.0,296.0,24.0,0.5711939334869385
639.0,467.0,17.0,0.5619041919708252
1004.0,727.0,17.0,0.5500683188438416
652.0,146.0,17.0,0.5201682448387146
244.0,865.0,23.0,0.5135031938552856
56.0,613.0,19.0,0.509308934211731
