x_center,y_center,box_length,score
108.0,303.0,29.0,0.840324342250824
597.0,970.0,43.0,0.796572744846344
