x_center,y_center,box_length,score
895.0,979.0,40.0,0.799967885017395
584.0,19.0,21.0,0.7631911635398865
300.0,409.0,17.0,0.6493092775344849
535.0,356.0,24.0,0.6368844509124756
326.0,80.0,32.0,0.5895184874534607
112.0,594.0,29.0,0.5687651634216309
850.0,1003.0,29.0,0.5551638007164001
628.0,266.0,21.0,0.5144883990287781
803.0,284.0,17.0,0.5055952668190002
