x_center,y_center,box_length,score
499.0,823.0,36.0,0.6113969087600708
537.0,102.0,31.0,0.5823705196380615
