x_center,y_center,box_length,score
836.0,444.0,35.0,0.7861231565475464
594.0,278.0,82.0,0.7584567666053772
227.0,398.0,45.0,0.7380282878875732
203.0,384.0,26.0,0.6138507127761841
523.0,52.0,19.0,0.5866100192070007
