x_center,y_center,box_length,score
47.0,929.0,40.0,0.6503521203994751
315.0,503.0,29.0,0.514331042766571
