x_center,y_center,box_length,score
133.0,342.0,86.0,0.5435897707939148
129.0,911.0,82.0,0.5426959991455078
