x_center,y_center,box_length,score
812.0,946.0,46.0,0.647219181060791
350.0,516.0,40.0,0.6350888609886169
