x_center,y_center,box_length,score
25.0,325.0,45.0,0.6087734699249268
908.0,796.0,48.0,0.5318379402160645
