x_center,y_center,box_length,score
456.0,809.0,31.0,0.6549882292747498
446.0,673.0,37.0,0.6381872296333313
