x_center,y_center,box_length,score
809.0,575.0,26.0,0.6650186777114868
713.0,302.0,23.0,0.5484893321990967
