x_center,y_center,box_length,score
184.0,313.0,54.0,0.7811383605003357
240.0,867.0,45.0,0.775139331817627
705.0,882.0,26.0,0.7108260989189148
89.0,799.0,76.0,0.6679545044898987
984.0,195.0,17.0,0.6561874151229858
982.0,564.0,63.0,0.6254279017448425
