x_center,y_center,box_length,score
189.0,815.0,32.0,0.8430896997451782
801.0,272.0,37.0,0.8409219980239868
837.0,343.0,46.0,0.7649374008178711
587.0,430.0,98.0,0.6981002688407898
807.0,909.0,43.0,0.598286509513855
196.0,107.0,32.0,0.5532747507095337
