x_center,y_center,box_length,score
730.0,770.0,197.0,0.9145402312278748
380.0,772.0,29.0,0.6847608089447021
52.0,692.0,29.0,0.6709948778152466
968.0,365.0,17.0,0.5681220293045044
