x_center,y_center,box_length,score
706.0,328.0,40.0,0.7952138185501099
975.0,984.0,57.0,0.7546448111534119
531.0,230.0,48.0,0.7375468015670776
898.0,759.0,46.0,0.710326075553894
574.0,672.0,53.0,0.6966363787651062
735.0,534.0,43.0,0.6645241379737854
784.0,103.0,35.0,0.5420724153518677
730.0,27.0,43.0,0.5394052267074585
625.0,356.0,17.0,0.508403480052948
