x_center,y_center,box_length,score
517.0,897.0,46.0,0.9142053127288818
940.0,255.0,24.0,0.5457619428634644
254.0,559.0,24.0,0.5373914837837219
