x_center,y_center,box_length,score
209.0,71.0,37.0,0.7886621356010437
229.0,747.0,61.0,0.7554877996444702
249.0,113.0,43.0,0.7478899359703064
266.0,463.0,45.0,0.696380615234375
636.0,953.0,40.0,0.6418670415878296
587.0,104.0,96.0,0.6319727897644043
17.0,761.0,21.0,0.5988989472389221
841.0,972.0,29.0,0.5788604021072388
