x_center,y_center,box_length,score
683.0,1004.0,27.0,0.63523268699646
238.0,100.0,21.0,0.5124513506889343
