x_center,y_center,box_length,score
519.0,644.0,21.0,0.7676990628242493
639.0,718.0,98.0,0.7007793188095093
563.0,170.0,37.0,0.5884183645248413
918.0,867.0,21.0,0.5653685927391052
61.0,518.0,122.0,0.5241365432739258
