x_center,y_center,box_length,score
291.0,902.0,82.0,0.8000605702400208
641.0,149.0,45.0,0.7149497270584106
87.0,980.0,37.0,0.6964744329452515
661.0,35.0,17.0,0.5831884145736694
536.0,198.0,19.0,0.5640960335731506
812.0,370.0,32.0,0.55516117811203
718.0,872.0,29.0,0.5066419243812561
