x_center,y_center,box_length,score
715.0,409.0,32.0,0.6739981770515442
1006.0,136.0,35.0,0.6719838976860046
948.0,199.0,27.0,0.62354975938797
622.0,72.0,38.0,0.591792643070221
477.0,229.0,25.0,0.587885856628418
282.0,785.0,46.0,0.5542576909065247
929.0,658.0,17.0,0.5308775305747986
