x_center,y_center,box_length,score
46.0,168.0,50.0,0.5611205101013184
948.0,269.0,32.0,0.5418049693107605
152.0,827.0,43.0,0.5410292148590088
251.0,578.0,34.0,0.5273168087005615
441.0,77.0,56.0,0.525702953338623
67.0,937.0,37.0,0.5227345824241638
169.0,661.0,26.0,0.5191718339920044
995.0,27.0,29.0,0.5113984942436218
603.0,510.0,26.0,0.5113389492034912
118.0,606.0,21.0,0.5095346570014954
95.0,609.0,29.0,0.5067287087440491
