x_center,y_center,box_length,score
910.0,730.0,29.0,0.7148494720458984
526.0,44.0,17.0,0.6611817479133606
38.0,40.0,37.0,0.5020162463188171
