x_center,y_center,box_length,score
876.0,819.0,21.0,0.6082373857498169
276.0,782.0,19.0,0.5847224593162537
