x_center,y_center,box_length,score
502.0,683.0,105.0,0.5822319388389587
450.0,791.0,132.0,0.581739068031311
118.0,492.0,111.0,0.580081045627594
