x_center,y_center,box_length,score
165.0,772.0,26.0,0.658711314201355
802.0,113.0,50.0,0.6067896485328674
997.0,137.0,21.0,0.5193303823471069
