x_center,y_center,box_length,score
710.0,14.0,21.0,0.7185525298118591
926.0,195.0,23.0,0.6488800644874573
336.0,450.0,17.0,0.6106041073799133
532.0,56.0,17.0,0.5820033550262451
90.0,806.0,23.0,0.5605905652046204
574.0,900.0,17.0,0.536011278629303
