x_center,y_center,box_length,score
672.0,524.0,21.0,0.5020356178283691
383.0,276.0,17.0,0.5012601613998413
509.0,303.0,21.0,0.500425398349762
