x_center,y_center,box_length,score
187.0,760.0,136.0,0.7551700472831726
656.0,439.0,61.0,0.7525057196617126
331.0,743.0,32.0,0.6033951044082642
255.0,474.0,21.0,0.5603443384170532
298.0,775.0,37.0,0.5117143392562866
