x_center,y_center,box_length,score
256.0,487.0,32.0,0.6427480578422546
584.0,384.0,50.0,0.5966423153877258
601.0,449.0,37.0,0.5805330872535706
200.0,100.0,29.0,0.5400673747062683
211.0,42.0,56.0,0.5239906311035156
358.0,466.0,42.0,0.5081616044044495
104.0,256.0,72.0,0.5034881234169006
