x_center,y_center,box_length,score
151.0,25.0,21.0,0.7330654859542847
82.0,68.0,32.0,0.6294434070587158
134.0,35.0,26.0,0.5777258276939392
278.0,43.0,45.0,0.5607542991638184
211.0,54.0,32.0,0.516781747341156
234.0,38.0,37.0,0.5013232231140137
