x_center,y_center,box_length,score
339.0,591.0,24.0,0.827445924282074
110.0,443.0,101.0,0.7767848372459412
367.0,409.0,21.0,0.5528738498687744
106.0,800.0,25.0,0.5420261025428772
990.0,929.0,29.0,0.517296314239502
