x_center,y_center,box_length,score
329.0,135.0,23.0,0.6785696148872375
851.0,887.0,19.0,0.5686518549919128
