x_center,y_center,box_length,score
250.0,508.0,26.0,0.7554392218589783
405.0,568.0,85.0,0.6500428915023804
531.0,277.0,26.0,0.6369705200195312
513.0,268.0,29.0,0.6258379817008972
377.0,524.0,75.0,0.5099236369132996
