x_center,y_center,box_length,score
20.0,110.0,26.0,0.6037347912788391
379.0,592.0,77.0,0.5638241171836853
823.0,374.0,32.0,0.552461564540863
