x_center,y_center,box_length,score
990.0,582.0,53.0,0.6893287301063538
721.0,616.0,67.0,0.5706031322479248
11.0,378.0,19.0,0.5037804841995239
