x_center,y_center,box_length,score
342.0,160.0,48.0,0.8356834053993225
578.0,706.0,48.0,0.7671722769737244
902.0,763.0,26.0,0.7609285712242126
351.0,673.0,40.0,0.6941275596618652
217.0,735.0,24.0,0.6770849227905273
156.0,350.0,21.0,0.649323582649231
889.0,949.0,43.0,0.6281111240386963
24.0,869.0,21.0,0.5760698318481445
855.0,713.0,17.0,0.5583539605140686
936.0,243.0,24.0,0.5473984479904175
297.0,658.0,43.0,0.5179783701896667
903.0,981.0,24.0,0.5145388245582581
