x_center,y_center,box_length,score
796.0,554.0,32.0,0.754224419593811
943.0,207.0,23.0,0.7294878363609314
727.0,867.0,35.0,0.7132832407951355
121.0,919.0,26.0,0.6735358238220215
140.0,397.0,37.0,0.6486139893531799
642.0,366.0,19.0,0.6252634525299072
114.0,412.0,21.0,0.5885286331176758
865.0,395.0,26.0,0.5599091053009033
526.0,504.0,26.0,0.537605345249176
252.0,385.0,19.0,0.5026147365570068
