x_center,y_center,box_length,score
392.0,299.0,21.0,0.6954664587974548
204.0,697.0,128.0,0.6361702084541321
174.0,253.0,29.0,0.6233408451080322
634.0,217.0,32.0,0.6167362332344055
518.0,577.0,111.0,0.6097830533981323
900.0,475.0,19.0,0.5979272127151489
540.0,723.0,21.0,0.5726640820503235
983.0,737.0,48.0,0.5662902593612671
917.0,485.0,23.0,0.5320338010787964
824.0,425.0,21.0,0.5207476019859314
804.0,443.0,45.0,0.5198311805725098
