x_center,y_center,box_length,score
704.0,92.0,57.0,0.6547257304191589
686.0,173.0,27.0,0.5342729091644287
