x_center,y_center,box_length,score
68.0,181.0,59.0,0.7982714772224426
851.0,469.0,94.0,0.7844365239143372
477.0,882.0,37.0,0.6836832761764526
624.0,746.0,17.0,0.6405066251754761
530.0,901.0,148.0,0.5994293689727783
502.0,615.0,45.0,0.5758021473884583
543.0,504.0,148.0,0.5566539168357849
