x_center,y_center,box_length,score
366.0,643.0,147.0,0.7865538001060486
548.0,511.0,82.0,0.697004497051239
874.0,52.0,19.0,0.6458947062492371
583.0,377.0,21.0,0.6027893424034119
601.0,373.0,24.0,0.5861343741416931
647.0,346.0,21.0,0.5773698687553406
846.0,253.0,21.0,0.5283426642417908
478.0,111.0,32.0,0.5035715699195862
