x_center,y_center,box_length,score
704.0,131.0,24.0,0.6853734850883484
691.0,71.0,69.0,0.6695026159286499
655.0,236.0,37.0,0.6577161550521851
995.0,1003.0,26.0,0.544646143913269
