x_center,y_center,box_length,score
102.0,777.0,29.0,0.7153785228729248
582.0,976.0,21.0,0.5554465055465698
565.0,966.0,32.0,0.525701105594635
252.0,174.0,85.0,0.505492091178894
