x_center,y_center,box_length,score
183.0,294.0,31.0,0.6910245418548584
35.0,973.0,17.0,0.5975204706192017
974.0,552.0,21.0,0.5691615343093872
206.0,812.0,19.0,0.5512189269065857
845.0,529.0,24.0,0.5302866101264954
581.0,360.0,17.0,0.5077998042106628
