x_center,y_center,box_length,score
545.0,663.0,32.0,0.7304562330245972
567.0,758.0,67.0,0.6943499445915222
859.0,568.0,36.0,0.6639568209648132
769.0,509.0,32.0,0.6537989974021912
59.0,936.0,24.0,0.6445246934890747
514.0,855.0,50.0,0.6000732779502869
121.0,925.0,35.0,0.5912901163101196
323.0,393.0,50.0,0.5773470997810364
