x_center,y_center,box_length,score
531.0,427.0,60.0,0.625760018825531
321.0,567.0,76.0,0.5771428942680359
606.0,350.0,88.0,0.5454638600349426
