x_center,y_center,box_length,score
522.0,570.0,26.0,0.5632370710372925
472.0,628.0,17.0,0.5320866703987122
