x_center,y_center,box_length,score
815.0,1002.0,35.0,0.5608305931091309
653.0,991.0,44.0,0.5228785872459412
