x_center,y_center,box_length,score
776.0,432.0,21.0,0.6407674551010132
872.0,125.0,21.0,0.5207836031913757
