x_center,y_center,box_length,score
483.0,939.0,37.0,0.8117069005966187
972.0,499.0,37.0,0.7094036340713501
444.0,331.0,57.0,0.6901581883430481
713.0,802.0,35.0,0.6881855130195618
660.0,45.0,26.0,0.6097005009651184
832.0,625.0,19.0,0.5833737254142761
883.0,266.0,46.0,0.543347954750061
