x_center,y_center,box_length,score
633.0,351.0,29.0,0.6916730999946594
288.0,270.0,29.0,0.6270753145217896
925.0,33.0,48.0,0.5990412831306458
12.0,693.0,21.0,0.5956732630729675
40.0,847.0,27.0,0.5167592167854309
