x_center,y_center,box_length,score
102.0,757.0,40.0,0.7986260056495667
795.0,264.0,21.0,0.7583284974098206
881.0,847.0,21.0,0.5925272107124329
327.0,158.0,37.0,0.5890047550201416
