x_center,y_center,box_length,score
802.0,618.0,29.0,0.8067933320999146
770.0,694.0,59.0,0.5197687149047852
