x_center,y_center,box_length,score
341.0,248.0,43.0,0.8031971454620361
216.0,283.0,26.0,0.6975188851356506
981.0,79.0,43.0,0.6688567996025085
341.0,511.0,29.0,0.6448090076446533
829.0,909.0,34.0,0.6294836401939392
686.0,843.0,67.0,0.6131799221038818
469.0,931.0,26.0,0.5885644555091858
301.0,357.0,26.0,0.5662634372711182
679.0,626.0,17.0,0.549328088760376
769.0,609.0,21.0,0.5430070757865906
356.0,520.0,21.0,0.5215805768966675
286.0,350.0,21.0,0.5137997269630432
