x_center,y_center,box_length,score
208.0,799.0,19.0,0.5716527104377747
51.0,367.0,17.0,0.571589469909668
