x_center,y_center,box_length,score
726.0,564.0,19.0,0.7881127595901489
804.0,422.0,40.0,0.6130141019821167
761.0,614.0,17.0,0.5873184204101562
960.0,483.0,29.0,0.5796852707862854
929.0,463.0,67.0,0.5771883726119995
