x_center,y_center,box_length,score
764.0,327.0,26.0,0.7119690775871277
758.0,807.0,32.0,0.5896981954574585
817.0,619.0,21.0,0.5846853852272034
521.0,344.0,101.0,0.5244914293289185
703.0,842.0,50.0,0.521925151348114
