x_center,y_center,box_length,score
737.0,275.0,64.0,0.847550630569458
216.0,600.0,17.0,0.6289918422698975
129.0,130.0,17.0,0.5946129560470581
406.0,160.0,37.0,0.5834797620773315
