x_center,y_center,box_length,score
293.0,381.0,40.0,0.691198468208313
59.0,652.0,26.0,0.6882306337356567
215.0,954.0,40.0,0.6579117178916931
461.0,609.0,26.0,0.64076828956604
595.0,986.0,38.0,0.6345685720443726
964.0,920.0,40.0,0.6238533854484558
458.0,913.0,50.0,0.6034162640571594
351.0,318.0,26.0,0.5878523588180542
810.0,375.0,40.0,0.5554832220077515
152.0,82.0,67.0,0.5103110671043396
105.0,372.0,24.0,0.5077940225601196
