x_center,y_center,box_length,score
731.0,753.0,17.0,0.6263346076011658
956.0,1003.0,19.0,0.6028466820716858
915.0,319.0,17.0,0.5232457518577576
233.0,117.0,17.0,0.5170992016792297
925.0,586.0,21.0,0.513067901134491
