x_center,y_center,box_length,score
381.0,333.0,36.0,0.6620136499404907
383.0,255.0,53.0,0.5925940275192261
