x_center,y_center,box_length,score
283.0,149.0,53.0,0.6815076470375061
106.0,198.0,45.0,0.503703236579895
24.0,183.0,35.0,0.5033902525901794
46.0,272.0,56.0,0.5005636215209961
