x_center,y_center,box_length,score
493.0,309.0,50.0,0.7309155464172363
947.0,982.0,76.0,0.6971268057823181
757.0,621.0,24.0,0.5872604250907898
