x_center,y_center,box_length,score
377.0,156.0,35.0,0.6361802220344543
524.0,989.0,24.0,0.506607711315155
