x_center,y_center,box_length,score
825.0,148.0,63.0,0.743388831615448
334.0,676.0,29.0,0.6358429193496704
