x_center,y_center,box_length,score
619.0,603.0,113.0,0.7037866115570068
750.0,119.0,67.0,0.6864712238311768
341.0,760.0,48.0,0.644702136516571
418.0,409.0,34.0,0.6033361554145813
699.0,818.0,36.0,0.5848355889320374
303.0,263.0,31.0,0.5284402966499329
