x_center,y_center,box_length,score
175.0,776.0,26.0,0.6640991568565369
521.0,13.0,27.0,0.6067380309104919
687.0,267.0,17.0,0.5580791234970093
1009.0,455.0,19.0,0.5526394248008728
176.0,956.0,24.0,0.5329946875572205
877.0,552.0,29.0,0.5004804730415344
