x_center,y_center,box_length,score
751.0,27.0,24.0,0.8082515001296997
374.0,869.0,69.0,0.7179217338562012
1012.0,604.0,21.0,0.6036263704299927
969.0,714.0,17.0,0.5883510708808899
450.0,616.0,90.0,0.5702916383743286
72.0,937.0,29.0,0.556056559085846
389.0,292.0,43.0,0.5435206294059753
