x_center,y_center,box_length,score
579.0,336.0,32.0,0.8492448925971985
27.0,883.0,21.0,0.7933931350708008
608.0,204.0,100.0,0.7097203731536865
917.0,250.0,93.0,0.6847745180130005
362.0,967.0,21.0,0.6757861971855164
917.0,757.0,53.0,0.6301848292350769
135.0,306.0,76.0,0.6230812072753906
413.0,501.0,21.0,0.6022137403488159
285.0,463.0,94.0,0.5918098092079163
709.0,759.0,64.0,0.5245028734207153
104.0,61.0,42.0,0.5081871747970581
226.0,310.0,42.0,0.5068433880805969
