x_center,y_center,box_length,score
464.0,577.0,45.0,0.7795060276985168
412.0,531.0,24.0,0.6669119000434875
421.0,605.0,37.0,0.6577043533325195
135.0,129.0,29.0,0.6147144436836243
465.0,482.0,96.0,0.6057765483856201
160.0,101.0,67.0,0.6054864525794983
78.0,235.0,111.0,0.5989252924919128
363.0,548.0,21.0,0.5451604723930359
438.0,625.0,26.0,0.5283647775650024
162.0,168.0,154.0,0.5176742672920227
44.0,78.0,24.0,0.5038672685623169
