x_center,y_center,box_length,score
66.0,154.0,43.0,0.8757870197296143
554.0,375.0,40.0,0.570545494556427
