x_center,y_center,box_length,score
890.0,659.0,53.0,0.6036295294761658
607.0,232.0,21.0,0.5782381892204285
639.0,321.0,21.0,0.5747393369674683
791.0,120.0,37.0,0.5612836480140686
862.0,348.0,50.0,0.5374701023101807
837.0,542.0,48.0,0.509130597114563
715.0,124.0,29.0,0.5084023475646973
