x_center,y_center,box_length,score
530.0,448.0,60.0,0.6945495009422302
568.0,441.0,35.0,0.5030376315116882
