x_center,y_center,box_length,score
122.0,685.0,93.0,0.5465587973594666
828.0,244.0,53.0,0.5219584107398987
