x_center,y_center,box_length,score
367.0,856.0,64.0,0.808708667755127
512.0,127.0,50.0,0.5491445064544678
532.0,860.0,19.0,0.5321605801582336
