x_center,y_center,box_length,score
245.0,144.0,61.0,0.7492717504501343
985.0,655.0,77.0,0.6212466359138489
299.0,231.0,32.0,0.5645742416381836
