x_center,y_center,box_length,score
427.0,624.0,32.0,0.8158280849456787
820.0,551.0,31.0,0.7804227471351624
589.0,85.0,36.0,0.6932507157325745
439.0,826.0,19.0,0.6594191193580627
758.0,943.0,17.0,0.5449184775352478
896.0,123.0,17.0,0.5014981627464294
