x_center,y_center,box_length,score
714.0,981.0,72.0,0.8421729207038879
777.0,1005.0,24.0,0.599946141242981
800.0,829.0,17.0,0.5244401097297668
823.0,52.0,17.0,0.5242013335227966
