x_center,y_center,box_length,score
718.0,742.0,21.0,0.6909845471382141
623.0,762.0,37.0,0.6894328594207764
694.0,758.0,26.0,0.678466260433197
664.0,776.0,43.0,0.6758608818054199
686.0,710.0,48.0,0.5681087374687195
647.0,733.0,50.0,0.5424381494522095
