x_center,y_center,box_length,score
453.0,770.0,56.0,0.8380995392799377
446.0,453.0,63.0,0.8031781911849976
562.0,123.0,59.0,0.7908957004547119
548.0,750.0,71.0,0.6498779058456421
404.0,772.0,32.0,0.6425525546073914
816.0,873.0,56.0,0.6326619982719421
475.0,624.0,58.0,0.5917536616325378
872.0,479.0,90.0,0.5665076971054077
945.0,87.0,56.0,0.562332808971405
806.0,595.0,43.0,0.5570644736289978
267.0,304.0,53.0,0.5292250514030457
