x_center,y_center,box_length,score
796.0,29.0,27.0,0.560440182685852
847.0,105.0,24.0,0.5527873039245605
759.0,22.0,29.0,0.5484569072723389
