x_center,y_center,box_length,score
605.0,292.0,21.0,0.6794310808181763
652.0,49.0,24.0,0.5408804416656494
