x_center,y_center,box_length,score
944.0,449.0,35.0,0.8381180167198181
922.0,316.0,45.0,0.806272029876709
633.0,976.0,21.0,0.8034231066703796
647.0,646.0,26.0,0.7329524159431458
39.0,142.0,35.0,0.6878398060798645
652.0,227.0,17.0,0.6656234264373779
900.0,464.0,45.0,0.5881230235099792
240.0,410.0,21.0,0.5244630575180054
