x_center,y_center,box_length,score
689.0,502.0,26.0,0.6364797949790955
676.0,771.0,50.0,0.5710340738296509
