x_center,y_center,box_length,score
548.0,82.0,38.0,0.7266428470611572
280.0,106.0,24.0,0.6704897880554199
291.0,28.0,19.0,0.6494714617729187
548.0,980.0,48.0,0.6251034140586853
959.0,804.0,19.0,0.506540834903717
86.0,205.0,26.0,0.5050910115242004
