x_center,y_center,box_length,score
352.0,308.0,40.0,0.741929829120636
270.0,791.0,35.0,0.7384805083274841
548.0,463.0,35.0,0.6332664489746094
529.0,530.0,17.0,0.6225088834762573
422.0,1009.0,29.0,0.6102332472801208
536.0,557.0,61.0,0.5894976258277893
480.0,860.0,32.0,0.5890045166015625
179.0,686.0,32.0,0.5500746369361877
335.0,576.0,26.0,0.5475597381591797
774.0,54.0,23.0,0.5174535512924194
