{
    "n_layers": 2,
    "n_units_l0": 576,
    "n_units_l1": 272,
    "dropout": 0.30616096535918375,
    "lr": 0.004439693784393926,
    "batch_size": 64
}