{
    "n_layers": 2,
    "n_units_l0": 608,
    "n_units_l1": 184,
    "dropout": 0.3166161584586446,
    "lr": 0.0027498332768209244,
    "batch_size": 64
}