{
    "n_layers": 1,
    "n_units_l0": 320,
    "dropout": 0.31848049663502065,
    "lr": 0.000531992924961324,
    "batch_size": 32
}