{
    "n_layers": 3,
    "n_units_l0": 960,
    "n_units_l1": 304,
    "n_units_l2": 192,
    "dropout": 0.42163208043220896,
    "lr": 0.00532530763300712,
    "batch_size": 64
}