{
    "n_layers": 1,
    "n_units_l0": 80,
    "dropout": 0.3030269545077099,
    "lr": 0.001344630902185322,
    "batch_size": 32
}