{
    "n_layers": 1,
    "n_units_l0": 112,
    "dropout": 0.30698183711298566,
    "lr": 0.005298843684432293,
    "batch_size": 32
}