{
    "n_layers": 2,
    "n_units_l0": 640,
    "n_units_l1": 160,
    "dropout": 0.344218184584297,
    "lr": 0.005292452602221941,
    "batch_size": 64
}