{
    "n_layers": 1,
    "n_units_l0": 960,
    "dropout": 0.5888900665014132,
    "lr": 0.003951967321023874,
    "batch_size": 128
}