{
    "n_layers": 3,
    "n_units_l0": 640,
    "n_units_l1": 320,
    "n_units_l2": 128,
    "dropout": 0.5163786347025462,
    "lr": 0.0027822926018158645,
    "batch_size": 32
}