{
    "n_layers": 2,
    "n_units_l0": 480,
    "n_units_l1": 152,
    "dropout": 0.2744392295360696,
    "lr": 0.00010036259110107524,
    "batch_size": 32
}