{
    "n_layers": 3,
    "n_units_l0": 608,
    "n_units_l1": 184,
    "n_units_l2": 128,
    "dropout": 0.27404828078358257,
    "lr": 0.00038807254337924724,
    "batch_size": 32
}