{
    "n_layers": 2,
    "n_units_l0": 736,
    "n_units_l1": 248,
    "dropout": 0.43749023956739547,
    "lr": 0.000228411775631407,
    "batch_size": 32
}