{
    "n_layers": 1,
    "n_units_l0": 704,
    "dropout": 0.45887728101164443,
    "lr": 0.00035984940709868433,
    "batch_size": 64
}