{
    "n_layers": 2,
    "n_units_l0": 704,
    "n_units_l1": 176,
    "dropout": 0.39933994192659383,
    "lr": 0.0015763467791828868,
    "batch_size": 128
}