{
    "n_layers": 1,
    "n_units_l0": 72,
    "dropout": 0.4884196352433965,
    "lr": 0.005926686108866018,
    "batch_size": 64
}