{
    "n_layers": 3,
    "n_units_l0": 448,
    "n_units_l1": 208,
    "n_units_l2": 96,
    "dropout": 0.4942265032830175,
    "lr": 0.0005980403737475745,
    "batch_size": 128
}