{
    "n_layers": 3,
    "n_units_l0": 672,
    "n_units_l1": 296,
    "n_units_l2": 128,
    "dropout": 0.5999582425657678,
    "lr": 0.007274460338209356,
    "batch_size": 128
}