{
    "n_layers": 1,
    "n_units_l0": 112,
    "dropout": 0.4064759176928978,
    "lr": 0.00015269765362887716,
    "batch_size": 32
}