{
    "n_layers": 2,
    "n_units_l0": 832,
    "n_units_l1": 208,
    "dropout": 0.3236407375073335,
    "lr": 0.0034876732331970165,
    "batch_size": 64
}