{
    "n_layers": 2,
    "n_units_l0": 832,
    "n_units_l1": 400,
    "dropout": 0.2878243583432281,
    "lr": 0.0005564107889132079,
    "batch_size": 128
}