{
    "n_layers": 2,
    "n_units_l0": 320,
    "n_units_l1": 112,
    "dropout": 0.21777467628701233,
    "lr": 0.0002929646551743746,
    "batch_size": 64
}