{
    "n_layers": 2,
    "n_units_l0": 72,
    "n_units_l1": 34,
    "dropout": 0.2982311586061569,
    "lr": 0.0002477842418014112,
    "batch_size": 32
}