{
    "n_layers": 2,
    "n_units_l0": 384,
    "n_units_l1": 192,
    "dropout": 0.42091809780138784,
    "lr": 0.0010510308403644168,
    "batch_size": 32
}