{
    "n_layers": 2,
    "n_units_l0": 960,
    "n_units_l1": 304,
    "dropout": 0.5096379663556151,
    "lr": 0.00016494228647227245,
    "batch_size": 32
}