{
    "n_layers": 1,
    "n_units_l0": 448,
    "dropout": 0.5780615000033664,
    "lr": 0.005423923955353304,
    "batch_size": 32
}