{
    "n_layers": 3,
    "n_units_l0": 512,
    "n_units_l1": 192,
    "n_units_l2": 64,
    "dropout": 0.21141070057562394,
    "lr": 0.0002395866988127219,
    "batch_size": 128
}