{
    "n_layers": 3,
    "n_units_l0": 80,
    "n_units_l1": 28,
    "n_units_l2": 24,
    "dropout": 0.2687158992894865,
    "lr": 0.0005476049771589496,
    "batch_size": 32
}