{
    "n_layers": 1,
    "n_units_l0": 288,
    "dropout": 0.23974482062346114,
    "lr": 0.00040598253123825916,
    "batch_size": 32
}