{
    "n_layers": 3,
    "n_units_l0": 768,
    "n_units_l1": 256,
    "n_units_l2": 192,
    "dropout": 0.32652805312276506,
    "lr": 0.0005408478358254091,
    "batch_size": 32
}