{
    "n_layers": 2,
    "n_units_l0": 448,
    "n_units_l1": 176,
    "dropout": 0.20547638591297132,
    "lr": 0.0004083284169838732,
    "batch_size": 64
}