{
    "n_layers": 2,
    "n_units_l0": 512,
    "n_units_l1": 192,
    "dropout": 0.5177131431298799,
    "lr": 0.0018424534693805453,
    "batch_size": 128
}