{
    "n_layers": 3,
    "n_units_l0": 896,
    "n_units_l1": 416,
    "n_units_l2": 128,
    "dropout": 0.5230262827355275,
    "lr": 0.0030323654606685922,
    "batch_size": 64
}