{
    "n_layers": 2,
    "n_units_l0": 88,
    "n_units_l1": 30,
    "dropout": 0.40431302333609215,
    "lr": 0.0007856318411140462,
    "batch_size": 128
}