{
    "n_layers": 3,
    "n_units_l0": 960,
    "n_units_l1": 432,
    "n_units_l2": 192,
    "dropout": 0.4919564757201521,
    "lr": 0.0055562556115216835,
    "batch_size": 128
}