{
    "n_layers": 1,
    "n_units_l0": 768,
    "dropout": 0.26453342998386015,
    "lr": 0.0006634528648731235,
    "batch_size": 32
}