{
    "n_layers": 2,
    "n_units_l0": 960,
    "n_units_l1": 368,
    "dropout": 0.33220533970730026,
    "lr": 0.0007127601869042901,
    "batch_size": 64
}