{
    "n_layers": 1,
    "n_units_l0": 512,
    "dropout": 0.3484310586274387,
    "lr": 0.00014242547024231398,
    "batch_size": 64
}