{
    "n_layers": 3,
    "n_units_l0": 112,
    "n_units_l1": 36,
    "n_units_l2": 16,
    "dropout": 0.23912663100187853,
    "lr": 0.002412438433235427,
    "batch_size": 32
}