{
    "n_layers": 3,
    "n_units_l0": 640,
    "n_units_l1": 288,
    "n_units_l2": 192,
    "dropout": 0.39978507735409824,
    "lr": 0.002439803963245884,
    "batch_size": 32
}