{
    "n_layers": 3,
    "n_units_l0": 128,
    "n_units_l1": 64,
    "n_units_l2": 24,
    "dropout": 0.5530951060115314,
    "lr": 0.00012672511954367585,
    "batch_size": 32
}