{
    "n_layers": 3,
    "n_units_l0": 64,
    "n_units_l1": 16,
    "n_units_l2": 16,
    "dropout": 0.4605023657645048,
    "lr": 0.0027601684865592867,
    "batch_size": 64
}