{
    "n_layers": 2,
    "n_units_l0": 896,
    "n_units_l1": 416,
    "dropout": 0.20492088176428147,
    "lr": 0.0004186436209168796,
    "batch_size": 64
}