{
    "n_layers": 1,
    "n_units_l0": 480,
    "dropout": 0.29319618736412145,
    "lr": 0.0001273417161235451,
    "batch_size": 128
}