{
    "n_layers": 3,
    "n_units_l0": 928,
    "n_units_l1": 456,
    "n_units_l2": 224,
    "dropout": 0.2724320566356075,
    "lr": 0.0007738281588404872,
    "batch_size": 128
}