{
    "n_layers": 3,
    "n_units_l0": 104,
    "n_units_l1": 34,
    "n_units_l2": 24,
    "dropout": 0.578171754752596,
    "lr": 0.0008522849354808918,
    "batch_size": 32
}