{
    "n_layers": 2,
    "n_units_l0": 704,
    "n_units_l1": 176,
    "dropout": 0.20655054712276094,
    "lr": 0.00013707576160508947,
    "batch_size": 128
}