{
    "n_layers": 3,
    "n_units_l0": 88,
    "n_units_l1": 30,
    "n_units_l2": 24,
    "dropout": 0.2919280528767724,
    "lr": 0.006198911762799561,
    "batch_size": 64
}