{
    "n_layers": 3,
    "n_units_l0": 480,
    "n_units_l1": 120,
    "n_units_l2": 64,
    "dropout": 0.5706956545068401,
    "lr": 0.005931007322857598,
    "batch_size": 32
}