{
    "n_layers": 3,
    "n_units_l0": 288,
    "n_units_l1": 72,
    "n_units_l2": 96,
    "dropout": 0.24516250106574025,
    "lr": 0.00885568647698475,
    "batch_size": 128
}