{
    "n_layers": 2,
    "n_units_l0": 120,
    "n_units_l1": 46,
    "dropout": 0.4485184649692565,
    "lr": 0.00036293678547656195,
    "batch_size": 32
}