{
    "n_layers": 3,
    "n_units_l0": 640,
    "n_units_l1": 256,
    "n_units_l2": 160,
    "dropout": 0.20258038594477798,
    "lr": 0.001825216020848404,
    "batch_size": 64
}