{
    "n_layers": 3,
    "n_units_l0": 1024,
    "n_units_l1": 256,
    "n_units_l2": 128,
    "dropout": 0.5838590494899557,
    "lr": 0.00014863748137401416,
    "batch_size": 128
}