{
    "n_layers": 1,
    "n_units_l0": 640,
    "dropout": 0.5261600721093719,
    "lr": 0.0011968966304126568,
    "batch_size": 128
}