{
    "n_layers": 2,
    "n_units_l0": 384,
    "n_units_l1": 160,
    "dropout": 0.2702907461026012,
    "lr": 0.0007315105647161212,
    "batch_size": 64
}