{
    "n_layers": 3,
    "n_units_l0": 896,
    "n_units_l1": 224,
    "n_units_l2": 128,
    "dropout": 0.3968300021893958,
    "lr": 0.0001249707541721399,
    "batch_size": 32
}