{
    "n_layers": 2,
    "n_units_l0": 896,
    "n_units_l1": 224,
    "dropout": 0.28129163451679245,
    "lr": 0.004501702887014238,
    "batch_size": 128
}