{
    "n_layers": 3,
    "n_units_l0": 960,
    "n_units_l1": 368,
    "n_units_l2": 192,
    "dropout": 0.23032937474928694,
    "lr": 0.0037654383628561907,
    "batch_size": 128
}