{
    "n_layers": 3,
    "n_units_l0": 832,
    "n_units_l1": 272,
    "n_units_l2": 192,
    "dropout": 0.564659785092563,
    "lr": 0.005856457411431486,
    "batch_size": 32
}