{
    "n_layers": 2,
    "n_units_l0": 576,
    "n_units_l1": 272,
    "dropout": 0.5352962814501472,
    "lr": 0.0016297581032206395,
    "batch_size": 64
}