{
    "n_layers": 2,
    "n_units_l0": 80,
    "n_units_l1": 28,
    "dropout": 0.5625836216187312,
    "lr": 0.0002452437048739363,
    "batch_size": 128
}