{
    "n_layers": 3,
    "n_units_l0": 992,
    "n_units_l1": 376,
    "n_units_l2": 128,
    "dropout": 0.20065668811994583,
    "lr": 0.0006792267399470577,
    "batch_size": 128
}