{
    "n_layers": 3,
    "n_units_l0": 64,
    "n_units_l1": 24,
    "n_units_l2": 24,
    "dropout": 0.5932496952202297,
    "lr": 0.00652921121922798,
    "batch_size": 128
}