{
    "n_layers": 2,
    "n_units_l0": 112,
    "n_units_l1": 36,
    "dropout": 0.41894305166537543,
    "lr": 0.00015960401019605362,
    "batch_size": 64
}