{
    "n_layers": 1,
    "n_units_l0": 384,
    "dropout": 0.23743854063178493,
    "lr": 0.006167956224754323,
    "batch_size": 128
}