{
    "n_layers": 1,
    "n_units_l0": 640,
    "dropout": 0.2192819490484609,
    "lr": 0.0015920796246681813,
    "batch_size": 32
}