{
    "n_layers": 2,
    "n_units_l0": 640,
    "n_units_l1": 224,
    "dropout": 0.2030109691280425,
    "lr": 0.008767093802373272,
    "batch_size": 32
}