{
    "n_layers": 3,
    "n_units_l0": 544,
    "n_units_l1": 136,
    "n_units_l2": 128,
    "dropout": 0.3511988621934829,
    "lr": 0.00031269421878328204,
    "batch_size": 32
}