{
    "n_layers": 2,
    "n_units_l0": 112,
    "n_units_l1": 28,
    "dropout": 0.4681188952528457,
    "lr": 0.00038012193756354793,
    "batch_size": 128
}