{
    "n_layers": 3,
    "n_units_l0": 832,
    "n_units_l1": 272,
    "n_units_l2": 192,
    "dropout": 0.5548089815468797,
    "lr": 0.0006788078542099714,
    "batch_size": 32
}