{
    "n_layers": 2,
    "n_units_l0": 832,
    "n_units_l1": 400,
    "dropout": 0.41433286510936623,
    "lr": 0.005372668145651475,
    "batch_size": 64
}