{
    "n_layers": 3,
    "n_units_l0": 512,
    "n_units_l1": 192,
    "n_units_l2": 128,
    "dropout": 0.5483684843410058,
    "lr": 0.0011155015028403712,
    "batch_size": 32
}