{
    "n_layers": 3,
    "n_units_l0": 640,
    "n_units_l1": 160,
    "n_units_l2": 192,
    "dropout": 0.24029378912951513,
    "lr": 0.0003137868131283226,
    "batch_size": 128
}