{
    "n_layers": 3,
    "n_units_l0": 1024,
    "n_units_l1": 512,
    "n_units_l2": 256,
    "dropout": 0.28420046387978853,
    "lr": 0.0019022174232033405,
    "batch_size": 32
}