{
    "n_layers": 1,
    "n_units_l0": 128,
    "dropout": 0.47050762776245725,
    "lr": 0.0045189661003172425,
    "batch_size": 64
}