{
    "n_layers": 3,
    "n_units_l0": 512,
    "n_units_l1": 128,
    "n_units_l2": 128,
    "dropout": 0.3522062900822872,
    "lr": 0.00020268001272472048,
    "batch_size": 32
}