{
    "n_layers": 3,
    "n_units_l0": 576,
    "n_units_l1": 208,
    "n_units_l2": 192,
    "dropout": 0.4668931311544304,
    "lr": 0.00013734372608031336,
    "batch_size": 32
}