{
    "n_layers": 1,
    "n_units_l0": 960,
    "dropout": 0.2651432982008876,
    "lr": 0.00018530445244819044,
    "batch_size": 128
}