{
    "n_layers": 1,
    "n_units_l0": 832,
    "dropout": 0.20450969649744244,
    "lr": 0.0003634247038963731,
    "batch_size": 32
}