{
    "n_layers": 1,
    "n_units_l0": 704,
    "dropout": 0.4175163260655316,
    "lr": 0.000166412235572066,
    "batch_size": 32
}