{
    "n_layers": 1,
    "n_units_l0": 96,
    "dropout": 0.5506827378074719,
    "lr": 0.0012489927787974807,
    "batch_size": 32
}