{
    "n_layers": 1,
    "n_units_l0": 992,
    "dropout": 0.4784047379496636,
    "lr": 0.00020418963751918517,
    "batch_size": 32
}