{
    "n_layers": 3,
    "n_units_l0": 832,
    "n_units_l1": 208,
    "n_units_l2": 128,
    "dropout": 0.2294503595531932,
    "lr": 0.00884760728821445,
    "batch_size": 32
}