{
    "n_layers": 3,
    "n_units_l0": 576,
    "n_units_l1": 208,
    "n_units_l2": 192,
    "dropout": 0.39548489437275025,
    "lr": 0.0003219059648190418,
    "batch_size": 64
}