{
    "n_layers": 3,
    "n_units_l0": 896,
    "n_units_l1": 416,
    "n_units_l2": 128,
    "dropout": 0.2600481197968277,
    "lr": 0.0042056517641330515,
    "batch_size": 32
}