{
    "n_layers": 3,
    "n_units_l0": 960,
    "n_units_l1": 368,
    "n_units_l2": 128,
    "dropout": 0.40294512584018266,
    "lr": 0.0006411985141132718,
    "batch_size": 64
}