{
    "n_layers": 3,
    "n_units_l0": 544,
    "n_units_l1": 200,
    "n_units_l2": 128,
    "dropout": 0.2589758572222776,
    "lr": 0.0002673336922143598,
    "batch_size": 128
}