{
    "n_layers": 2,
    "n_units_l0": 1024,
    "n_units_l1": 512,
    "dropout": 0.4628461496819064,
    "lr": 0.00013498300431181643,
    "batch_size": 128
}