{
    "n_layers": 3,
    "n_units_l0": 288,
    "n_units_l1": 104,
    "n_units_l2": 96,
    "dropout": 0.4250479228685723,
    "lr": 0.0008570722125271673,
    "batch_size": 64
}