{
    "n_layers": 2,
    "n_units_l0": 288,
    "n_units_l1": 72,
    "dropout": 0.4501063080359694,
    "lr": 0.0007417760494819423,
    "batch_size": 32
}