{
    "n_layers": 3,
    "n_units_l0": 640,
    "n_units_l1": 224,
    "n_units_l2": 128,
    "dropout": 0.26170051522797055,
    "lr": 0.0017955521739897646,
    "batch_size": 32
}