{
    "n_layers": 3,
    "n_units_l0": 1024,
    "n_units_l1": 448,
    "n_units_l2": 128,
    "dropout": 0.2405981831851469,
    "lr": 0.0005495842752606061,
    "batch_size": 64
}