{
    "n_layers": 1,
    "n_units_l0": 576,
    "dropout": 0.3276089637818953,
    "lr": 0.0007678131336011337,
    "batch_size": 64
}