{
    "n_layers": 1,
    "n_units_l0": 256,
    "dropout": 0.3555388136948524,
    "lr": 0.00012484336596637862,
    "batch_size": 32
}