{
    "n_layers": 3,
    "n_units_l0": 960,
    "n_units_l1": 240,
    "n_units_l2": 192,
    "dropout": 0.5375275866545397,
    "lr": 0.0007772826615302884,
    "batch_size": 128
}