{
    "n_layers": 1,
    "n_units_l0": 448,
    "dropout": 0.34802466574924323,
    "lr": 0.000224743098454314,
    "batch_size": 128
}