{
    "n_layers": 1,
    "n_units_l0": 320,
    "dropout": 0.3298424844504159,
    "lr": 0.0004728115197826389,
    "batch_size": 64
}