{
    "n_layers": 3,
    "n_units_l0": 320,
    "n_units_l1": 144,
    "n_units_l2": 64,
    "dropout": 0.22164603912738146,
    "lr": 0.0009068546663412034,
    "batch_size": 128
}