{
    "n_layers": 3,
    "n_units_l0": 960,
    "n_units_l1": 304,
    "n_units_l2": 128,
    "dropout": 0.23434137662965862,
    "lr": 0.003455088347344154,
    "batch_size": 64
}