{
    "n_layers": 1,
    "n_units_l0": 640,
    "dropout": 0.2556889179512309,
    "lr": 0.0021189741338633475,
    "batch_size": 32
}