{
    "n_layers": 3,
    "n_units_l0": 832,
    "n_units_l1": 272,
    "n_units_l2": 192,
    "dropout": 0.4822852542969361,
    "lr": 0.0013325479062822067,
    "batch_size": 32
}