{
    "n_layers": 3,
    "n_units_l0": 448,
    "n_units_l1": 144,
    "n_units_l2": 64,
    "dropout": 0.4698625462903247,
    "lr": 0.00022352567583309963,
    "batch_size": 64
}