{
    "n_layers": 2,
    "n_units_l0": 120,
    "n_units_l1": 38,
    "dropout": 0.44432247655511364,
    "lr": 0.00040943480463717636,
    "batch_size": 128
}