{
    "n_layers": 1,
    "n_units_l0": 576,
    "dropout": 0.4235093071855291,
    "lr": 0.009031268016384894,
    "batch_size": 64
}