{
    "n_layers": 2,
    "n_units_l0": 512,
    "n_units_l1": 224,
    "dropout": 0.4986925876324009,
    "lr": 0.009418309230342446,
    "batch_size": 32
}