{
    "n_layers": 1,
    "n_units_l0": 672,
    "dropout": 0.3163159354531405,
    "lr": 0.00012105716356750785,
    "batch_size": 64
}