{
    "n_layers": 2,
    "n_units_l0": 640,
    "n_units_l1": 224,
    "dropout": 0.5597324616883732,
    "lr": 0.004058677205304826,
    "batch_size": 32
}