{
    "n_layers": 2,
    "n_units_l0": 112,
    "n_units_l1": 44,
    "dropout": 0.23477306180183027,
    "lr": 0.0003136467686822107,
    "batch_size": 32
}