{
    "n_layers": 2,
    "n_units_l0": 416,
    "n_units_l1": 200,
    "dropout": 0.24816015498612862,
    "lr": 0.0007013158846538593,
    "batch_size": 32
}