{
    "n_layers": 3,
    "n_units_l0": 128,
    "n_units_l1": 56,
    "n_units_l2": 24,
    "dropout": 0.2134521168238881,
    "lr": 0.00040143231620963683,
    "batch_size": 64
}