{
    "n_layers": 1,
    "n_units_l0": 72,
    "dropout": 0.49604395533088164,
    "lr": 0.0008432676991096602,
    "batch_size": 64
}