{
    "n_layers": 2,
    "n_units_l0": 88,
    "n_units_l1": 38,
    "dropout": 0.20111011578341179,
    "lr": 0.0030204882835193235,
    "batch_size": 32
}