{
    "n_layers": 1,
    "n_units_l0": 704,
    "dropout": 0.4702562284733515,
    "lr": 0.0009788719178713138,
    "batch_size": 32
}