{
    "n_layers": 2,
    "n_units_l0": 320,
    "n_units_l1": 112,
    "dropout": 0.21329799516212697,
    "lr": 0.0002041753653936728,
    "batch_size": 64
}