{
    "n_layers": 2,
    "n_units_l0": 320,
    "n_units_l1": 144,
    "dropout": 0.4984749296719832,
    "lr": 0.005198412117396886,
    "batch_size": 64
}