{
    "n_layers": 2,
    "n_units_l0": 288,
    "n_units_l1": 104,
    "dropout": 0.2021013450251017,
    "lr": 0.002066330137338724,
    "batch_size": 32
}