{
    "n_layers": 2,
    "n_units_l0": 288,
    "n_units_l1": 136,
    "dropout": 0.5198554410327791,
    "lr": 0.001888086985015246,
    "batch_size": 32
}