{
    "n_layers": 3,
    "n_units_l0": 512,
    "n_units_l1": 256,
    "n_units_l2": 192,
    "dropout": 0.2013496263663894,
    "lr": 0.0019113083418654002,
    "batch_size": 32
}