{
    "n_layers": 3,
    "n_units_l0": 80,
    "n_units_l1": 20,
    "n_units_l2": 24,
    "dropout": 0.5214351152675294,
    "lr": 0.0028977608005670975,
    "batch_size": 64
}