{
    "n_layers": 3,
    "n_units_l0": 576,
    "n_units_l1": 272,
    "n_units_l2": 192,
    "dropout": 0.2951094109798234,
    "lr": 0.00017289010619103636,
    "batch_size": 64
}