{
    "n_layers": 2,
    "n_units_l0": 128,
    "n_units_l1": 40,
    "dropout": 0.20125791151217093,
    "lr": 0.008745507619175204,
    "batch_size": 128
}