{
    "n_layers": 1,
    "n_units_l0": 80,
    "dropout": 0.24624327191950335,
    "lr": 0.000826170362731613,
    "batch_size": 128
}