{
    "n_layers": 3,
    "n_units_l0": 672,
    "n_units_l1": 232,
    "n_units_l2": 160,
    "dropout": 0.20761284986478207,
    "lr": 0.00031177997199545996,
    "batch_size": 64
}