{
    "n_layers": 3,
    "n_units_l0": 832,
    "n_units_l1": 272,
    "n_units_l2": 128,
    "dropout": 0.20653451991128954,
    "lr": 0.00022774572319430033,
    "batch_size": 128
}