{
    "n_layers": 1,
    "n_units_l0": 992,
    "dropout": 0.5887646181872376,
    "lr": 0.0013425750942922044,
    "batch_size": 32
}