{
    "n_layers": 2,
    "n_units_l0": 288,
    "n_units_l1": 136,
    "dropout": 0.48622750632899236,
    "lr": 0.0016425815560929958,
    "batch_size": 32
}