{
    "n_layers": 2,
    "n_units_l0": 640,
    "n_units_l1": 224,
    "dropout": 0.48190918399743193,
    "lr": 0.0005782651429909663,
    "batch_size": 32
}