{
    "n_layers": 3,
    "n_units_l0": 768,
    "n_units_l1": 320,
    "n_units_l2": 128,
    "dropout": 0.35351168035371955,
    "lr": 0.0017511858848991237,
    "batch_size": 32
}