{
    "n_layers": 2,
    "n_units_l0": 416,
    "n_units_l1": 104,
    "dropout": 0.34656355464237454,
    "lr": 0.0007698873628690092,
    "batch_size": 128
}