{
    "n_layers": 3,
    "n_units_l0": 768,
    "n_units_l1": 320,
    "n_units_l2": 128,
    "dropout": 0.3111867249429426,
    "lr": 0.00010619474499399013,
    "batch_size": 128
}