{
    "n_layers": 2,
    "n_units_l0": 120,
    "n_units_l1": 54,
    "dropout": 0.5355839400814341,
    "lr": 0.0014023144768048413,
    "batch_size": 128
}