{
    "n_layers": 3,
    "n_units_l0": 576,
    "n_units_l1": 208,
    "n_units_l2": 160,
    "dropout": 0.541075799206135,
    "lr": 0.0003144113943278048,
    "batch_size": 32
}