{
    "n_layers": 1,
    "n_units_l0": 256,
    "dropout": 0.2219183068280497,
    "lr": 0.0011835449592140783,
    "batch_size": 128
}