{
    "n_layers": 3,
    "n_units_l0": 1024,
    "n_units_l1": 352,
    "n_units_l2": 128,
    "dropout": 0.4673108703131231,
    "lr": 0.0009194999212045195,
    "batch_size": 32
}