{
    "n_layers": 2,
    "n_units_l0": 832,
    "n_units_l1": 208,
    "dropout": 0.28618876652866604,
    "lr": 0.00022575865425975721,
    "batch_size": 32
}