{
    "n_layers": 2,
    "n_units_l0": 128,
    "n_units_l1": 48,
    "dropout": 0.2985797207562326,
    "lr": 0.006114475928518764,
    "batch_size": 32
}