{
    "n_layers": 1,
    "n_units_l0": 1024,
    "dropout": 0.31800974757387174,
    "lr": 0.0003590206882956833,
    "batch_size": 128
}