{
    "n_layers": 1,
    "n_units_l0": 576,
    "dropout": 0.21340099025750475,
    "lr": 0.0006505069955104819,
    "batch_size": 128
}