{
    "n_layers": 3,
    "n_units_l0": 256,
    "n_units_l1": 128,
    "n_units_l2": 96,
    "dropout": 0.24237981110605672,
    "lr": 0.00039082892736547024,
    "batch_size": 64
}