{
    "n_layers": 1,
    "n_units_l0": 640,
    "dropout": 0.2987112147419734,
    "lr": 0.0017820866271849325,
    "batch_size": 128
}