{
    "n_layers": 3,
    "n_units_l0": 128,
    "n_units_l1": 64,
    "n_units_l2": 16,
    "dropout": 0.20119843017350286,
    "lr": 0.0031641098422391573,
    "batch_size": 64
}