{
    "n_layers": 1,
    "n_units_l0": 960,
    "dropout": 0.5301692339386087,
    "lr": 0.001581576460430943,
    "batch_size": 128
}