{
    "n_layers": 2,
    "n_units_l0": 640,
    "n_units_l1": 160,
    "dropout": 0.3809348990063337,
    "lr": 0.0001508537046302482,
    "batch_size": 128
}