{
    "n_layers": 3,
    "n_units_l0": 640,
    "n_units_l1": 160,
    "n_units_l2": 128,
    "dropout": 0.32284506563050674,
    "lr": 0.0002882706922508639,
    "batch_size": 64
}