{
    "n_layers": 2,
    "n_units_l0": 576,
    "n_units_l1": 208,
    "dropout": 0.4895032402160309,
    "lr": 0.0008521498945001675,
    "batch_size": 64
}