{
    "n_layers": 1,
    "n_units_l0": 960,
    "dropout": 0.3419294591975811,
    "lr": 0.0029413759893586037,
    "batch_size": 32
}