{
    "n_layers": 2,
    "n_units_l0": 992,
    "n_units_l1": 280,
    "dropout": 0.3441360544136459,
    "lr": 0.005738161049270948,
    "batch_size": 128
}