{
    "n_layers": 2,
    "n_units_l0": 544,
    "n_units_l1": 136,
    "dropout": 0.22547827609290905,
    "lr": 0.00040141202382859516,
    "batch_size": 32
}