{
    "n_layers": 2,
    "n_units_l0": 72,
    "n_units_l1": 34,
    "dropout": 0.2745214925952194,
    "lr": 0.0007625513745865364,
    "batch_size": 128
}