{
    "n_layers": 1,
    "n_units_l0": 800,
    "dropout": 0.5553750226561788,
    "lr": 0.00031182278915694813,
    "batch_size": 64
}