{
    "n_layers": 3,
    "n_units_l0": 1024,
    "n_units_l1": 256,
    "n_units_l2": 128,
    "dropout": 0.5809351193265763,
    "lr": 0.003100623439611252,
    "batch_size": 32
}