{
    "n_layers": 2,
    "n_units_l0": 512,
    "n_units_l1": 128,
    "dropout": 0.20943453061407263,
    "lr": 0.001205914447123404,
    "batch_size": 32
}