{
    "n_layers": 3,
    "n_units_l0": 1024,
    "n_units_l1": 256,
    "n_units_l2": 192,
    "dropout": 0.22128336633018636,
    "lr": 0.0011323683197273261,
    "batch_size": 128
}