{
    "n_layers": 1,
    "n_units_l0": 256,
    "dropout": 0.288682588778702,
    "lr": 0.000979813266653786,
    "batch_size": 32
}