{
    "n_layers": 2,
    "n_units_l0": 288,
    "n_units_l1": 72,
    "dropout": 0.3523221710593162,
    "lr": 0.000685892818626663,
    "batch_size": 64
}