{
    "n_layers": 2,
    "n_units_l0": 128,
    "n_units_l1": 64,
    "dropout": 0.22475246161544266,
    "lr": 0.0018357446573194726,
    "batch_size": 64
}