{
    "n_layers": 3,
    "n_units_l0": 320,
    "n_units_l1": 112,
    "n_units_l2": 64,
    "dropout": 0.2701092100819675,
    "lr": 0.0034482539364035173,
    "batch_size": 64
}