{
    "n_layers": 3,
    "n_units_l0": 384,
    "n_units_l1": 192,
    "n_units_l2": 96,
    "dropout": 0.4976388774342054,
    "lr": 0.0004209871152087113,
    "batch_size": 128
}