{
    "n_layers": 2,
    "n_units_l0": 736,
    "n_units_l1": 312,
    "dropout": 0.5758107067445648,
    "lr": 0.00048172801944341704,
    "batch_size": 32
}