{
    "n_layers": 3,
    "n_units_l0": 896,
    "n_units_l1": 448,
    "n_units_l2": 192,
    "dropout": 0.37989395149371374,
    "lr": 0.00022644556454366453,
    "batch_size": 32
}