{
    "n_layers": 2,
    "n_units_l0": 672,
    "n_units_l1": 168,
    "dropout": 0.3231813719334648,
    "lr": 0.00047998262943310714,
    "batch_size": 64
}