{
    "n_layers": 3,
    "n_units_l0": 960,
    "n_units_l1": 432,
    "n_units_l2": 128,
    "dropout": 0.3544255588173675,
    "lr": 0.00012139303882330501,
    "batch_size": 32
}