{
    "n_layers": 2,
    "n_units_l0": 704,
    "n_units_l1": 208,
    "dropout": 0.5487970446494107,
    "lr": 0.00037163289608999246,
    "batch_size": 64
}