{
    "n_layers": 2,
    "n_units_l0": 832,
    "n_units_l1": 336,
    "dropout": 0.5062930105311607,
    "lr": 0.00012644761532072107,
    "batch_size": 128
}