{
    "n_layers": 1,
    "n_units_l0": 88,
    "dropout": 0.4906216365653425,
    "lr": 0.002564584474769183,
    "batch_size": 32
}