{
    "n_layers": 2,
    "n_units_l0": 608,
    "n_units_l1": 280,
    "dropout": 0.4614890171861827,
    "lr": 0.00032668963199710115,
    "batch_size": 128
}