x_center,y_center,box_length,score
141.0,217.0,21.0,0.6242988705635071
246.0,714.0,17.0,0.5599735379219055
200.0,789.0,26.0,0.5314469933509827
98.0,859.0,26.0,0.5104991793632507
335.0,820.0,26.0,0.5058699250221252
