x_center,y_center,box_length,score
575.0,582.0,57.0,0.5712564587593079
368.0,693.0,21.0,0.5600637793540955
859.0,322.0,26.0,0.5583736896514893
832.0,316.0,21.0,0.5525864958763123
574.0,183.0,24.0,0.5318282246589661
664.0,331.0,21.0,0.5274186730384827
686.0,817.0,21.0,0.5274100303649902
838.0,289.0,26.0,0.5016404390335083
