x_center,y_center,box_length,score
430.0,569.0,17.0,0.5620448589324951
526.0,295.0,32.0,0.5446438789367676
91.0,863.0,24.0,0.5345280170440674
473.0,627.0,24.0,0.5086765885353088
