x_center,y_center,box_length,score
409.0,665.0,45.0,0.8703758120536804
662.0,598.0,25.0,0.7491746544837952
483.0,277.0,29.0,0.7335759401321411
673.0,155.0,24.0,0.6628744006156921
286.0,504.0,64.0,0.6185128092765808
256.0,696.0,26.0,0.6062819957733154
70.0,1010.0,19.0,0.5961079001426697
422.0,25.0,21.0,0.5960410833358765
301.0,320.0,21.0,0.565025269985199
481.0,54.0,26.0,0.5358394980430603
805.0,111.0,17.0,0.5308954119682312
