x_center,y_center,box_length,score
73.0,326.0,26.0,0.689829409122467
552.0,69.0,26.0,0.6068405508995056
