x_center,y_center,box_length,score
757.0,679.0,42.0,0.5668742060661316
982.0,317.0,84.0,0.5284778475761414
