x_center,y_center,box_length,score
35.0,723.0,26.0,0.7045363187789917
926.0,804.0,21.0,0.5739848613739014
