x_center,y_center,box_length,score
927.0,631.0,34.0,0.6005433797836304
230.0,713.0,19.0,0.5563110113143921
670.0,42.0,17.0,0.5425441861152649
315.0,314.0,37.0,0.5289384126663208
