x_center,y_center,box_length,score
245.0,176.0,24.0,0.6954831480979919
68.0,306.0,24.0,0.6095095276832581
346.0,224.0,19.0,0.584140419960022
297.0,266.0,21.0,0.5559490919113159
209.0,169.0,21.0,0.5404789447784424
149.0,257.0,21.0,0.527951717376709
401.0,326.0,19.0,0.5256396532058716
