x_center,y_center,box_length,score
468.0,364.0,21.0,0.6032127737998962
896.0,524.0,40.0,0.5706284046173096
537.0,148.0,21.0,0.5181687474250793
