x_center,y_center,box_length,score
386.0,182.0,21.0,0.6570627689361572
478.0,200.0,21.0,0.6432894468307495
359.0,296.0,21.0,0.615407407283783
276.0,464.0,19.0,0.6093223094940186
361.0,383.0,19.0,0.5999024510383606
279.0,130.0,19.0,0.5628576874732971
103.0,637.0,17.0,0.5525766015052795
121.0,615.0,19.0,0.5506341457366943
176.0,544.0,21.0,0.5425429940223694
101.0,691.0,17.0,0.5186895132064819
296.0,365.0,21.0,0.5150628685951233
162.0,569.0,17.0,0.5092167258262634
