x_center,y_center,box_length,score
315.0,973.0,21.0,0.6556479930877686
466.0,677.0,29.0,0.6395277976989746
962.0,842.0,24.0,0.617158055305481
814.0,1010.0,23.0,0.6014758348464966
96.0,478.0,23.0,0.5953372120857239
349.0,277.0,19.0,0.5900667309761047
101.0,889.0,21.0,0.5859959125518799
649.0,129.0,17.0,0.5463030338287354
823.0,486.0,21.0,0.5203853249549866
