x_center,y_center,box_length,score
211.0,646.0,29.0,0.7433674931526184
116.0,956.0,21.0,0.6195739507675171
162.0,950.0,17.0,0.5452919006347656
