x_center,y_center,box_length,score
676.0,51.0,21.0,0.6612297892570496
647.0,89.0,24.0,0.6468790173530579
47.0,41.0,23.0,0.6168156266212463
602.0,18.0,21.0,0.5876235961914062
752.0,171.0,21.0,0.5564241409301758
828.0,237.0,24.0,0.5248002409934998
704.0,116.0,21.0,0.5150318741798401
926.0,359.0,31.0,0.5135264992713928
714.0,134.0,21.0,0.5096643567085266
779.0,166.0,21.0,0.506060004234314
