x_center,y_center,box_length,score
53.0,467.0,25.0,0.6358535885810852
165.0,238.0,37.0,0.6304619908332825
31.0,399.0,24.0,0.6265141367912292
67.0,439.0,24.0,0.5359140038490295
133.0,282.0,24.0,0.5298916101455688
165.0,344.0,26.0,0.5242956876754761
74.0,386.0,29.0,0.5058757662773132
