x_center,y_center,box_length,score
726.0,261.0,46.0,0.7902430295944214
642.0,53.0,21.0,0.5842370390892029
