x_center,y_center,box_length,score
310.0,578.0,29.0,0.6710638999938965
947.0,38.0,29.0,0.5931886434555054
496.0,254.0,26.0,0.5781870484352112
535.0,699.0,21.0,0.5585526823997498
374.0,39.0,21.0,0.5158392786979675
221.0,692.0,17.0,0.5115290284156799
