x_center,y_center,box_length,score
94.0,865.0,26.0,0.6424879431724548
601.0,392.0,21.0,0.6176707744598389
464.0,361.0,21.0,0.6071937084197998
932.0,842.0,21.0,0.603943943977356
118.0,737.0,19.0,0.6006365418434143
483.0,477.0,21.0,0.5973689556121826
509.0,358.0,17.0,0.5918533205986023
728.0,77.0,19.0,0.5396528840065002
738.0,453.0,17.0,0.5372032523155212
555.0,260.0,19.0,0.519945502281189
