x_center,y_center,box_length,score
449.0,816.0,24.0,0.7459087371826172
798.0,786.0,19.0,0.6800211071968079
200.0,417.0,29.0,0.5116537809371948
