x_center,y_center,box_length,score
34.0,497.0,59.0,0.6656237244606018
192.0,970.0,48.0,0.5411590933799744
592.0,251.0,17.0,0.5269189476966858
748.0,954.0,17.0,0.5247482657432556
1015.0,683.0,17.0,0.515195369720459
