x_center,y_center,box_length,score
554.0,172.0,35.0,0.6245391964912415
73.0,47.0,35.0,0.5594080090522766
454.0,901.0,23.0,0.5521339774131775
