x_center,y_center,box_length,score
332.0,138.0,19.0,0.5523640513420105
210.0,27.0,21.0,0.5389252305030823
50.0,832.0,17.0,0.5355337262153625
79.0,527.0,17.0,0.528158962726593
108.0,886.0,21.0,0.5138125419616699
711.0,603.0,17.0,0.5130844116210938
97.0,517.0,21.0,0.5074025392532349
207.0,72.0,21.0,0.503749668598175
175.0,225.0,19.0,0.501933753490448
645.0,637.0,17.0,0.5012187361717224
