x_center,y_center,box_length,score
544.0,514.0,17.0,0.6123676300048828
306.0,125.0,19.0,0.5593218803405762
850.0,888.0,17.0,0.5508686900138855
90.0,626.0,19.0,0.5219821929931641
987.0,679.0,19.0,0.5114513635635376
989.0,562.0,17.0,0.5101397633552551
940.0,812.0,19.0,0.5074083209037781
