x_center,y_center,box_length,score
493.0,315.0,61.0,0.7094631195068359
480.0,829.0,26.0,0.6111146807670593
