x_center,y_center,box_length,score
887.0,378.0,21.0,0.5714000463485718
136.0,632.0,25.0,0.5399537682533264
546.0,733.0,26.0,0.5237606167793274
856.0,702.0,17.0,0.5122472047805786
159.0,591.0,21.0,0.5008941888809204
