x_center,y_center,box_length,score
671.0,108.0,38.0,0.6135410666465759
986.0,999.0,38.0,0.6039589047431946
108.0,1003.0,40.0,0.6029236912727356
514.0,192.0,29.0,0.541822612285614
551.0,934.0,48.0,0.5388123989105225
771.0,361.0,17.0,0.5367958545684814
