x_center,y_center,box_length,score
906.0,268.0,25.0,0.634470522403717
49.0,850.0,23.0,0.6154398322105408
111.0,814.0,31.0,0.5565662384033203
128.0,796.0,21.0,0.5178609490394592
