x_center,y_center,box_length,score
32.0,120.0,26.0,0.7615811824798584
336.0,803.0,21.0,0.5913258194923401
