x_center,y_center,box_length,score
566.0,592.0,21.0,0.5857614874839783
639.0,965.0,17.0,0.5478214025497437
851.0,726.0,24.0,0.5390711426734924
209.0,803.0,19.0,0.5270429849624634
646.0,45.0,21.0,0.521056056022644
880.0,163.0,24.0,0.517508864402771
717.0,967.0,17.0,0.5064407587051392
921.0,869.0,21.0,0.5029659867286682
