x_center,y_center,box_length,score
780.0,497.0,19.0,0.5907945036888123
751.0,825.0,19.0,0.568535327911377
675.0,581.0,21.0,0.5649248361587524
599.0,749.0,19.0,0.5052040219306946
