x_center,y_center,box_length,score
325.0,550.0,21.0,0.5618410110473633
978.0,287.0,67.0,0.557892382144928
15.0,964.0,19.0,0.5020391345024109
