x_center,y_center,box_length,score
61.0,583.0,50.0,0.7633270025253296
106.0,243.0,29.0,0.7429788112640381
114.0,752.0,17.0,0.6447188258171082
808.0,16.0,29.0,0.6183884739875793
835.0,320.0,17.0,0.5938832759857178
666.0,615.0,43.0,0.5675222873687744
