x_center,y_center,box_length,score
947.0,50.0,17.0,0.6933836936950684
114.0,778.0,17.0,0.6679109334945679
463.0,110.0,35.0,0.6181667447090149
903.0,587.0,21.0,0.5800614356994629
304.0,24.0,17.0,0.553268313407898
136.0,700.0,17.0,0.531233012676239
243.0,373.0,17.0,0.5250369310379028
