x_center,y_center,box_length,score
724.0,702.0,23.0,0.6543372869491577
730.0,686.0,21.0,0.5689951777458191
722.0,651.0,48.0,0.5485526323318481
