x_center,y_center,box_length,score
45.0,960.0,53.0,0.6456928849220276
190.0,85.0,37.0,0.6253038644790649
1007.0,564.0,24.0,0.5507195591926575
659.0,513.0,21.0,0.5489528775215149
399.0,794.0,17.0,0.5399786233901978
