x_center,y_center,box_length,score
838.0,90.0,29.0,0.6295310854911804
202.0,473.0,21.0,0.5883700847625732
840.0,68.0,26.0,0.5251514315605164
