x_center,y_center,box_length,score
473.0,291.0,43.0,0.6708930730819702
273.0,146.0,26.0,0.5246328115463257
