x_center,y_center,box_length,score
451.0,423.0,65.0,0.9277292490005493
643.0,610.0,29.0,0.7041168808937073
1004.0,687.0,29.0,0.6777527332305908
111.0,372.0,38.0,0.664916455745697
330.0,241.0,19.0,0.6079606413841248
350.0,662.0,54.0,0.6049664616584778
388.0,237.0,17.0,0.5778856873512268
416.0,488.0,19.0,0.573390007019043
533.0,643.0,53.0,0.5503031015396118
633.0,785.0,29.0,0.5226577520370483
852.0,1006.0,26.0,0.5034976601600647
