x_center,y_center,box_length,score
17.0,337.0,19.0,0.6047395467758179
887.0,770.0,17.0,0.5941888093948364
13.0,282.0,21.0,0.5379001498222351
