x_center,y_center,box_length,score
441.0,319.0,32.0,0.7133474946022034
588.0,849.0,26.0,0.70634526014328
297.0,867.0,17.0,0.5793890953063965
988.0,675.0,36.0,0.5633494257926941
35.0,526.0,17.0,0.5309126377105713
