x_center,y_center,box_length,score
84.0,577.0,21.0,0.8221935629844666
498.0,924.0,34.0,0.7764894366264343
66.0,980.0,26.0,0.7081012725830078
328.0,207.0,17.0,0.649993896484375
192.0,147.0,23.0,0.627039909362793
541.0,112.0,29.0,0.5668329000473022
702.0,843.0,17.0,0.5570200085639954
26.0,140.0,17.0,0.5521606206893921
815.0,279.0,17.0,0.5286116003990173
242.0,104.0,17.0,0.5229557156562805
