x_center,y_center,box_length,score
388.0,564.0,64.0,0.6929445862770081
918.0,240.0,69.0,0.6062409281730652
900.0,493.0,65.0,0.5818237662315369
161.0,94.0,42.0,0.5655947327613831
