x_center,y_center,box_length,score
859.0,194.0,17.0,0.6110667586326599
982.0,502.0,19.0,0.5973746180534363
546.0,632.0,17.0,0.5946037173271179
883.0,965.0,19.0,0.5710147619247437
635.0,972.0,17.0,0.5085049867630005
728.0,981.0,17.0,0.5003158450126648
