x_center,y_center,box_length,score
911.0,979.0,26.0,0.7480329871177673
855.0,134.0,27.0,0.7261279821395874
14.0,643.0,29.0,0.7048829197883606
976.0,453.0,19.0,0.6356592774391174
469.0,342.0,19.0,0.6018996238708496
241.0,291.0,19.0,0.5992008447647095
603.0,696.0,24.0,0.5889674425125122
803.0,749.0,17.0,0.5690242052078247
306.0,680.0,26.0,0.5593259334564209
1000.0,325.0,23.0,0.5520458221435547
541.0,833.0,21.0,0.5462118983268738
545.0,985.0,21.0,0.5234373807907104
