x_center,y_center,box_length,score
56.0,261.0,35.0,0.7859214544296265
745.0,815.0,23.0,0.622595489025116
547.0,32.0,24.0,0.6151952743530273
793.0,846.0,17.0,0.5596094131469727
461.0,571.0,17.0,0.5444637537002563
636.0,983.0,17.0,0.5066876411437988
