x_center,y_center,box_length,score
428.0,790.0,17.0,0.600045382976532
759.0,975.0,17.0,0.568382740020752
781.0,875.0,29.0,0.5292292237281799
285.0,539.0,19.0,0.5278124213218689
924.0,701.0,19.0,0.518557071685791
