x_center,y_center,box_length,score
185.0,118.0,54.0,0.5644697546958923
168.0,204.0,21.0,0.5547628998756409
