x_center,y_center,box_length,score
199.0,967.0,37.0,0.775164783000946
724.0,645.0,48.0,0.7299469113349915
263.0,548.0,42.0,0.696050763130188
707.0,435.0,29.0,0.6125338673591614
389.0,159.0,24.0,0.6123141646385193
785.0,676.0,23.0,0.5845065116882324
124.0,151.0,32.0,0.5734189748764038
707.0,145.0,21.0,0.5618579983711243
159.0,439.0,21.0,0.555591344833374
875.0,289.0,29.0,0.5442352294921875
164.0,245.0,19.0,0.5051496028900146
