x_center,y_center,box_length,score
27.0,936.0,29.0,0.5781182050704956
524.0,418.0,17.0,0.5000421404838562
