x_center,y_center,box_length,score
947.0,43.0,26.0,0.6942500472068787
422.0,583.0,19.0,0.5745824575424194
511.0,583.0,23.0,0.5376840233802795
1006.0,848.0,23.0,0.5363823771476746
510.0,557.0,21.0,0.531579315662384
891.0,30.0,21.0,0.5169179439544678
990.0,51.0,19.0,0.505178689956665
