x_center,y_center,box_length,score
409.0,543.0,53.0,0.6726512908935547
815.0,698.0,34.0,0.5865853428840637
