x_center,y_center,box_length,score
512.0,277.0,35.0,0.747553288936615
204.0,983.0,24.0,0.624168872833252
