x_center,y_center,box_length,score
136.0,79.0,45.0,0.7710270285606384
535.0,995.0,17.0,0.6524783968925476
352.0,93.0,37.0,0.5756197571754456
103.0,229.0,23.0,0.5010191798210144
