x_center,y_center,box_length,score
854.0,419.0,24.0,0.6393566727638245
648.0,888.0,21.0,0.5746768116950989
