x_center,y_center,box_length,score
729.0,975.0,24.0,0.663331151008606
125.0,578.0,65.0,0.6354772448539734
248.0,937.0,23.0,0.598054051399231
