x_center,y_center,box_length,score
736.0,401.0,31.0,0.736842691898346
774.0,431.0,53.0,0.5615659356117249
439.0,129.0,17.0,0.5520638227462769
709.0,447.0,29.0,0.5500190258026123
790.0,647.0,23.0,0.5004711747169495
