x_center,y_center,box_length,score
228.0,110.0,151.0,0.7295260429382324
432.0,319.0,23.0,0.5228623151779175
