x_center,y_center,box_length,score
736.0,28.0,56.0,0.589414119720459
603.0,105.0,40.0,0.53654545545578
