x_center,y_center,box_length,score
239.0,731.0,24.0,0.7016362547874451
886.0,780.0,46.0,0.6950345635414124
571.0,73.0,46.0,0.6543526649475098
16.0,41.0,24.0,0.6074488162994385
529.0,398.0,21.0,0.5868380069732666
15.0,15.0,29.0,0.5736213326454163
990.0,604.0,24.0,0.5688439607620239
667.0,322.0,17.0,0.5180127620697021
45.0,104.0,21.0,0.5066026449203491
