x_center,y_center,box_length,score
159.0,818.0,46.0,0.7558804154396057
550.0,145.0,155.0,0.6359738111495972
84.0,207.0,29.0,0.6313670873641968
656.0,128.0,24.0,0.614570677280426
191.0,646.0,32.0,0.6135000586509705
115.0,81.0,44.0,0.6044001579284668
249.0,404.0,102.0,0.6022120714187622
773.0,185.0,17.0,0.5022187829017639
