x_center,y_center,box_length,score
898.0,427.0,19.0,0.6564921140670776
1004.0,821.0,19.0,0.6441147923469543
999.0,777.0,21.0,0.6146971583366394
1011.0,728.0,21.0,0.6126788258552551
902.0,855.0,19.0,0.6059292554855347
991.0,114.0,19.0,0.591309130191803
983.0,1002.0,24.0,0.5588042736053467
875.0,716.0,17.0,0.5552247166633606
938.0,1011.0,17.0,0.5207041501998901
206.0,727.0,27.0,0.5164687037467957
1003.0,908.0,17.0,0.5154581665992737
