x_center,y_center,box_length,score
122.0,710.0,54.0,0.6465442180633545
742.0,424.0,43.0,0.5513926148414612
