x_center,y_center,box_length,score
76.0,535.0,40.0,0.7058171629905701
37.0,642.0,29.0,0.560185432434082
372.0,610.0,37.0,0.5258457660675049
456.0,613.0,19.0,0.504192054271698
