x_center,y_center,box_length,score
194.0,459.0,29.0,0.6710265278816223
272.0,705.0,29.0,0.6244388222694397
829.0,988.0,34.0,0.561439573764801
893.0,132.0,50.0,0.5219162702560425
697.0,697.0,61.0,0.5080678462982178
