x_center,y_center,box_length,score
608.0,405.0,17.0,0.6810380220413208
682.0,754.0,75.0,0.6355460286140442
