x_center,y_center,box_length,score
221.0,264.0,29.0,0.7775657176971436
301.0,149.0,38.0,0.7191113829612732
437.0,836.0,24.0,0.6726085543632507
662.0,375.0,19.0,0.6415244936943054
878.0,603.0,40.0,0.5771312117576599
