x_center,y_center,box_length,score
100.0,167.0,48.0,0.621494710445404
508.0,804.0,48.0,0.6186358332633972
