x_center,y_center,box_length,score
795.0,620.0,29.0,0.720178484916687
352.0,448.0,29.0,0.5710620284080505
