x_center,y_center,box_length,score
63.0,491.0,26.0,0.5842713117599487
391.0,972.0,40.0,0.5626839399337769
