x_center,y_center,box_length,score
726.0,721.0,35.0,0.7180520296096802
239.0,823.0,17.0,0.5927872657775879
175.0,604.0,19.0,0.5367293357849121
