x_center,y_center,box_length,score
156.0,753.0,56.0,0.8587877154350281
264.0,804.0,21.0,0.7280930876731873
711.0,335.0,87.0,0.6944531202316284
320.0,692.0,186.0,0.643300473690033
51.0,591.0,32.0,0.6179481744766235
63.0,609.0,19.0,0.6092340350151062
591.0,328.0,32.0,0.6061632633209229
386.0,444.0,21.0,0.5269680619239807
653.0,638.0,56.0,0.5087463855743408
