x_center,y_center,box_length,score
458.0,981.0,65.0,0.6611529588699341
50.0,641.0,80.0,0.6295599341392517
822.0,256.0,50.0,0.619560718536377
