x_center,y_center,box_length,score
865.0,385.0,63.0,0.5802578926086426
582.0,810.0,26.0,0.5014162063598633
