x_center,y_center,box_length,score
191.0,389.0,21.0,0.6455524563789368
871.0,345.0,146.0,0.5668933987617493
347.0,440.0,17.0,0.5639398694038391
350.0,989.0,19.0,0.5573776960372925
