x_center,y_center,box_length,score
59.0,386.0,19.0,0.6527652144432068
24.0,434.0,26.0,0.5902090668678284
714.0,1010.0,19.0,0.5577841997146606
358.0,847.0,24.0,0.5340023040771484
