x_center,y_center,box_length,score
236.0,263.0,34.0,0.8780655264854431
982.0,917.0,35.0,0.7747412323951721
665.0,853.0,34.0,0.7299503684043884
361.0,870.0,23.0,0.678385317325592
