x_center,y_center,box_length,score
249.0,481.0,71.0,0.7066624164581299
679.0,459.0,45.0,0.5031253099441528
