x_center,y_center,box_length,score
243.0,186.0,40.0,0.7416914701461792
275.0,870.0,32.0,0.6567257642745972
308.0,63.0,26.0,0.6388815641403198
524.0,996.0,19.0,0.5748477578163147
407.0,599.0,19.0,0.5401815176010132
390.0,731.0,21.0,0.5195174813270569
