x_center,y_center,box_length,score
743.0,171.0,77.0,0.6250137090682983
620.0,569.0,45.0,0.5023438334465027
