x_center,y_center,box_length,score
527.0,866.0,24.0,0.6289538741111755
586.0,945.0,21.0,0.5899986028671265
