x_center,y_center,box_length,score
44.0,891.0,87.0,0.8429348468780518
645.0,905.0,34.0,0.623538076877594
