x_center,y_center,box_length,score
51.0,805.0,53.0,0.8881822824478149
436.0,526.0,21.0,0.6407085657119751
493.0,235.0,35.0,0.6338195204734802
98.0,415.0,45.0,0.6300514936447144
630.0,785.0,31.0,0.6158139705657959
88.0,247.0,24.0,0.6080072522163391
922.0,81.0,24.0,0.5658810138702393
815.0,87.0,25.0,0.5438627600669861
484.0,461.0,17.0,0.5188443660736084
