x_center,y_center,box_length,score
783.0,588.0,17.0,0.5727074146270752
630.0,196.0,21.0,0.5391523838043213
904.0,141.0,19.0,0.518363356590271
540.0,601.0,32.0,0.5075746178627014
1011.0,752.0,19.0,0.5039505958557129
656.0,760.0,29.0,0.5021155476570129
