x_center,y_center,box_length,score
871.0,91.0,29.0,0.7705371975898743
110.0,24.0,21.0,0.6253114342689514
888.0,445.0,29.0,0.5615642070770264
735.0,884.0,24.0,0.5269302129745483
694.0,556.0,48.0,0.5266900658607483
