x_center,y_center,box_length,score
113.0,349.0,26.0,0.7311822772026062
406.0,835.0,29.0,0.7137014269828796
489.0,16.0,21.0,0.6730643510818481
76.0,1008.0,31.0,0.6653574705123901
361.0,149.0,27.0,0.6367883086204529
82.0,370.0,21.0,0.62937992811203
546.0,305.0,21.0,0.594872236251831
849.0,829.0,27.0,0.5414431095123291
297.0,725.0,21.0,0.5376113653182983
183.0,623.0,19.0,0.513819694519043
