x_center,y_center,box_length,score
91.0,466.0,29.0,0.7122476100921631
488.0,804.0,24.0,0.6992595791816711
362.0,976.0,24.0,0.6954440474510193
13.0,385.0,26.0,0.6431729197502136
239.0,86.0,35.0,0.6312448978424072
885.0,837.0,19.0,0.6170169711112976
479.0,958.0,19.0,0.5712605714797974
858.0,609.0,17.0,0.5659833550453186
918.0,106.0,43.0,0.5577671527862549
821.0,912.0,17.0,0.5405312180519104
48.0,600.0,23.0,0.5129113793373108
169.0,199.0,21.0,0.5095252990722656
266.0,730.0,19.0,0.508500874042511
