x_center,y_center,box_length,score
33.0,467.0,43.0,0.6638035178184509
84.0,435.0,37.0,0.5396392941474915
49.0,504.0,60.0,0.5185278058052063
