x_center,y_center,box_length,score
469.0,155.0,34.0,0.8770275115966797
605.0,375.0,21.0,0.7427079081535339
830.0,324.0,21.0,0.6040827631950378
651.0,469.0,57.0,0.5680108070373535
