x_center,y_center,box_length,score
83.0,929.0,29.0,0.6308790445327759
118.0,721.0,24.0,0.5436955094337463
85.0,527.0,19.0,0.5082160830497742
