x_center,y_center,box_length,score
989.0,460.0,42.0,0.811636209487915
563.0,69.0,19.0,0.5668025612831116
296.0,444.0,17.0,0.5004887580871582
