x_center,y_center,box_length,score
131.0,792.0,29.0,0.723237931728363
214.0,848.0,29.0,0.7034855484962463
911.0,514.0,21.0,0.6115018725395203
372.0,1003.0,24.0,0.6050560474395752
26.0,103.0,24.0,0.6012393832206726
628.0,997.0,24.0,0.5907179117202759
520.0,929.0,29.0,0.5868262052536011
482.0,993.0,21.0,0.5825489163398743
601.0,414.0,21.0,0.5760841369628906
34.0,1013.0,21.0,0.5465193390846252
653.0,999.0,21.0,0.5417762398719788
