x_center,y_center,box_length,score
604.0,395.0,17.0,0.662543535232544
443.0,1004.0,37.0,0.5611243844032288
720.0,774.0,19.0,0.5574474334716797
240.0,159.0,21.0,0.5546839237213135
124.0,167.0,24.0,0.5393576622009277
651.0,75.0,21.0,0.5159063339233398
