x_center,y_center,box_length,score
298.0,934.0,32.0,0.7207914590835571
459.0,473.0,21.0,0.6831738352775574
64.0,927.0,43.0,0.5884403586387634
462.0,732.0,32.0,0.5059661865234375
