x_center,y_center,box_length,score
100.0,340.0,26.0,0.6413593888282776
764.0,249.0,21.0,0.6299698352813721
245.0,256.0,19.0,0.6024562120437622
457.0,967.0,21.0,0.5926362872123718
368.0,982.0,21.0,0.583588182926178
987.0,821.0,21.0,0.5620716214179993
103.0,805.0,19.0,0.5611564517021179
1012.0,376.0,17.0,0.553112268447876
839.0,111.0,24.0,0.547015905380249
435.0,992.0,17.0,0.540317714214325
881.0,420.0,19.0,0.5152758359909058
33.0,909.0,17.0,0.5081989169120789
244.0,439.0,17.0,0.5002807974815369
