x_center,y_center,box_length,score
292.0,864.0,37.0,0.6462811231613159
50.0,539.0,29.0,0.5702803134918213
279.0,882.0,26.0,0.5337245464324951
