x_center,y_center,box_length,score
852.0,705.0,19.0,0.5840887427330017
844.0,302.0,29.0,0.5161383748054504
