x_center,y_center,box_length,score
474.0,766.0,45.0,0.7145020961761475
303.0,662.0,29.0,0.5798100829124451
