x_center,y_center,box_length,score
218.0,139.0,21.0,0.5656242966651917
799.0,608.0,35.0,0.5039466023445129
