x_center,y_center,box_length,score
555.0,142.0,67.0,0.5980116128921509
494.0,186.0,35.0,0.5178847908973694
