x_center,y_center,box_length,score
453.0,617.0,24.0,0.6924912333488464
473.0,617.0,26.0,0.6316483020782471
643.0,782.0,50.0,0.5344142317771912
