x_center,y_center,box_length,score
95.0,210.0,37.0,0.6370740532875061
640.0,681.0,26.0,0.5733634233474731
746.0,499.0,32.0,0.5373597741127014
714.0,685.0,21.0,0.5312948822975159
