x_center,y_center,box_length,score
746.0,136.0,24.0,0.6081877946853638
670.0,539.0,23.0,0.6025046110153198
686.0,314.0,21.0,0.5716561079025269
780.0,110.0,17.0,0.5413322448730469
697.0,946.0,19.0,0.503169596195221
