x_center,y_center,box_length,score
228.0,517.0,40.0,0.6536265015602112
695.0,609.0,35.0,0.6482040882110596
355.0,949.0,36.0,0.5335221290588379
578.0,971.0,19.0,0.5047153234481812
