x_center,y_center,box_length,score
745.0,610.0,76.0,0.729413628578186
20.0,345.0,40.0,0.6093716621398926
240.0,913.0,69.0,0.5428906083106995
