x_center,y_center,box_length,score
394.0,624.0,21.0,0.6413512229919434
945.0,736.0,26.0,0.5889550447463989
779.0,802.0,42.0,0.5726022720336914
688.0,386.0,17.0,0.5625277757644653
1013.0,960.0,17.0,0.5105262994766235
