x_center,y_center,box_length,score
358.0,344.0,38.0,0.702354907989502
166.0,180.0,26.0,0.6755892634391785
728.0,334.0,35.0,0.6620705127716064
510.0,369.0,19.0,0.5968748927116394
777.0,888.0,21.0,0.5918360352516174
445.0,443.0,43.0,0.5847920179367065
694.0,610.0,29.0,0.550616443157196
1002.0,157.0,35.0,0.5292614102363586
108.0,740.0,26.0,0.5120639204978943
