x_center,y_center,box_length,score
540.0,81.0,19.0,0.5231519341468811
144.0,672.0,21.0,0.5167641043663025
