x_center,y_center,box_length,score
850.0,864.0,21.0,0.7086508274078369
438.0,391.0,23.0,0.6906906366348267
915.0,782.0,32.0,0.6419524550437927
785.0,797.0,23.0,0.5651858448982239
742.0,645.0,21.0,0.5600135922431946
682.0,997.0,19.0,0.5592578053474426
669.0,795.0,21.0,0.538884699344635
257.0,207.0,17.0,0.5272823572158813
580.0,955.0,21.0,0.5008997917175293
