x_center,y_center,box_length,score
540.0,141.0,69.0,0.7418017983436584
588.0,59.0,105.0,0.5764763355255127
757.0,932.0,26.0,0.5447668433189392
612.0,190.0,23.0,0.5195013284683228
