x_center,y_center,box_length,score
170.0,52.0,40.0,0.5726460218429565
356.0,532.0,44.0,0.5140693187713623
516.0,369.0,24.0,0.5064821839332581
