x_center,y_center,box_length,score
237.0,329.0,38.0,0.7815604209899902
490.0,39.0,24.0,0.7068756818771362
810.0,163.0,43.0,0.6710038781166077
572.0,419.0,24.0,0.6124000549316406
343.0,105.0,86.0,0.6064700484275818
51.0,312.0,19.0,0.5773495435714722
362.0,712.0,19.0,0.5335062146186829
790.0,610.0,24.0,0.5283085107803345
448.0,25.0,21.0,0.5202001333236694
476.0,66.0,45.0,0.5100892782211304
445.0,57.0,26.0,0.5009579658508301
114.0,695.0,40.0,0.5003404021263123
