x_center,y_center,box_length,score
575.0,863.0,29.0,0.6837829351425171
170.0,464.0,29.0,0.6677273511886597
232.0,927.0,29.0,0.6361047625541687
481.0,472.0,26.0,0.6126329302787781
358.0,422.0,21.0,0.6095446944236755
36.0,295.0,32.0,0.5815219879150391
287.0,798.0,29.0,0.5787344574928284
524.0,308.0,19.0,0.5497688055038452
376.0,73.0,26.0,0.544833242893219
