x_center,y_center,box_length,score
202.0,13.0,19.0,0.6231235861778259
110.0,629.0,21.0,0.6104746460914612
438.0,865.0,21.0,0.5091966390609741
