x_center,y_center,box_length,score
845.0,631.0,35.0,0.602764904499054
218.0,217.0,24.0,0.5586805939674377
934.0,655.0,24.0,0.5458961725234985
