x_center,y_center,box_length,score
831.0,405.0,42.0,0.8144921064376831
860.0,119.0,69.0,0.6971873641014099
714.0,437.0,82.0,0.6082995533943176
864.0,778.0,53.0,0.5284139513969421
372.0,50.0,45.0,0.5260890126228333
443.0,969.0,43.0,0.506168782711029
