x_center,y_center,box_length,score
132.0,937.0,43.0,0.6002547740936279
476.0,903.0,17.0,0.5157366991043091
