x_center,y_center,box_length,score
638.0,851.0,40.0,0.63701993227005
697.0,796.0,32.0,0.5885311961174011
806.0,980.0,26.0,0.5104385018348694
773.0,956.0,26.0,0.5092678070068359
826.0,67.0,24.0,0.5057069659233093
