x_center,y_center,box_length,score
976.0,174.0,17.0,0.556049108505249
308.0,827.0,17.0,0.5385594964027405
