x_center,y_center,box_length,score
793.0,624.0,21.0,0.5617537498474121
284.0,168.0,21.0,0.5031983852386475
