x_center,y_center,box_length,score
469.0,740.0,65.0,0.5436251759529114
183.0,282.0,50.0,0.5205367803573608
542.0,559.0,69.0,0.5094345808029175
855.0,865.0,59.0,0.5026000142097473
