x_center,y_center,box_length,score
215.0,130.0,40.0,0.6985913515090942
263.0,82.0,24.0,0.678307831287384
1006.0,32.0,21.0,0.594519853591919
119.0,633.0,64.0,0.5917224884033203
225.0,173.0,21.0,0.558621346950531
181.0,144.0,32.0,0.534928560256958
224.0,81.0,35.0,0.5309274196624756
