x_center,y_center,box_length,score
928.0,399.0,21.0,0.6448933482170105
241.0,414.0,24.0,0.517223060131073
