x_center,y_center,box_length,score
570.0,718.0,19.0,0.6363582611083984
331.0,961.0,19.0,0.5861894488334656
600.0,1005.0,21.0,0.5715775489807129
524.0,981.0,17.0,0.5672847032546997
371.0,908.0,17.0,0.5501090288162231
89.0,905.0,17.0,0.5497745275497437
603.0,428.0,17.0,0.5311070084571838
