x_center,y_center,box_length,score
361.0,378.0,54.0,0.6259714365005493
405.0,670.0,21.0,0.5318343639373779
692.0,64.0,21.0,0.5107778310775757
