x_center,y_center,box_length,score
848.0,700.0,38.0,0.6233175992965698
96.0,809.0,77.0,0.5571699738502502
