x_center,y_center,box_length,score
581.0,557.0,35.0,0.6125460863113403
789.0,371.0,60.0,0.6006610989570618
441.0,632.0,71.0,0.5253159403800964
293.0,86.0,24.0,0.5222681760787964
899.0,192.0,99.0,0.5049529075622559
