x_center,y_center,box_length,score
165.0,105.0,31.0,0.743572473526001
857.0,335.0,82.0,0.6117537021636963
51.0,846.0,50.0,0.5503622889518738
