x_center,y_center,box_length,score
972.0,830.0,17.0,0.5913347005844116
892.0,238.0,48.0,0.5042374134063721
