x_center,y_center,box_length,score
272.0,221.0,34.0,0.7523030638694763
441.0,387.0,29.0,0.5733965039253235
798.0,637.0,37.0,0.5412904024124146
