x_center,y_center,box_length,score
321.0,81.0,21.0,0.6256732940673828
201.0,952.0,24.0,0.625639021396637
663.0,710.0,35.0,0.6192778944969177
825.0,892.0,138.0,0.5856889486312866
283.0,39.0,38.0,0.5754933953285217
962.0,513.0,21.0,0.5716758966445923
103.0,883.0,21.0,0.5297994017601013
