x_center,y_center,box_length,score
67.0,163.0,34.0,0.7582400441169739
631.0,482.0,21.0,0.6347230672836304
173.0,958.0,21.0,0.5684691667556763
769.0,260.0,17.0,0.5448898673057556
