x_center,y_center,box_length,score
403.0,822.0,23.0,0.6460000872612
906.0,214.0,19.0,0.6366549134254456
475.0,236.0,17.0,0.5636339783668518
767.0,533.0,17.0,0.5268834829330444
