x_center,y_center,box_length,score
851.0,697.0,26.0,0.7257399559020996
387.0,46.0,21.0,0.6779817342758179
539.0,991.0,42.0,0.5581141114234924
420.0,684.0,21.0,0.5440398454666138
