x_center,y_center,box_length,score
808.0,818.0,29.0,0.7281171083450317
525.0,1008.0,24.0,0.557296097278595
