x_center,y_center,box_length,score
399.0,563.0,17.0,0.5167002081871033
918.0,676.0,17.0,0.500730037689209
