x_center,y_center,box_length,score
507.0,940.0,26.0,0.6469504833221436
560.0,912.0,21.0,0.516845166683197
878.0,763.0,17.0,0.5116559863090515
546.0,755.0,21.0,0.5095939636230469
