{
    "n_layers": 3,
    "n_units_l0": 320,
    "n_units_l1": 112,
    "n_units_l2": 64,
    "dropout": 0.2224401988973225,
    "lr": 0.0009473760231259511,
    "batch_size": 64
}