{
    "n_layers": 1,
    "n_units_l0": 512,
    "dropout": 0.37532748868722826,
    "lr": 0.0008840303342350792,
    "batch_size": 128
}