{
    "n_layers": 3,
    "n_units_l0": 128,
    "n_units_l1": 48,
    "n_units_l2": 16,
    "dropout": 0.37010551061673735,
    "lr": 0.00012655975804855887,
    "batch_size": 64
}