{
    "n_layers": 1,
    "n_units_l0": 832,
    "dropout": 0.3015004797495276,
    "lr": 0.00011984677240382766,
    "batch_size": 32
}