{
    "n_layers": 2,
    "n_units_l0": 576,
    "n_units_l1": 208,
    "dropout": 0.4954623143255222,
    "lr": 0.0016390988479239857,
    "batch_size": 128
}