{
    "n_layers": 2,
    "n_units_l0": 256,
    "n_units_l1": 128,
    "dropout": 0.36168688981099306,
    "lr": 0.003132108406819306,
    "batch_size": 64
}