{
    "n_layers": 3,
    "n_units_l0": 416,
    "n_units_l1": 136,
    "n_units_l2": 64,
    "dropout": 0.4205750350178091,
    "lr": 0.002256764228745458,
    "batch_size": 128
}